feature	u	v	sig_level	power	estimated_sample_size
Cytoplasm_Number_Object_Number	1	147	4.79386385426654e-05	0.8	62.0461740901187
Cytoplasm_AreaShape_Area	1	147	4.79386385426654e-05	0.8	60.3294079142944
Cytoplasm_AreaShape_BoundingBoxArea	1	147	4.79386385426654e-05	0.8	127.52924923438
Cytoplasm_AreaShape_BoundingBoxMaximum_X	1	147	4.79386385426654e-05	0.8	2871.24963895602
Cytoplasm_AreaShape_BoundingBoxMaximum_Y	1	147	4.79386385426654e-05	0.8	14278.4471735682
Cytoplasm_AreaShape_BoundingBoxMinimum_X	1	147	4.79386385426654e-05	0.8	4051.10195794731
Cytoplasm_AreaShape_BoundingBoxMinimum_Y	1	147	4.79386385426654e-05	0.8	665.898930162637
Cytoplasm_AreaShape_Center_X	1	147	4.79386385426654e-05	0.8	5010.14898107181
Cytoplasm_AreaShape_Center_Y	1	147	4.79386385426654e-05	0.8	2967.62969910294
Cytoplasm_AreaShape_Compactness	1	147	4.79386385426654e-05	0.8	682.485509011459
Cytoplasm_AreaShape_ConvexArea	1	147	4.79386385426654e-05	0.8	100.31064738974
Cytoplasm_AreaShape_Eccentricity	1	147	4.79386385426654e-05	0.8	1703.85193638433
Cytoplasm_AreaShape_EquivalentDiameter	1	147	4.79386385426654e-05	0.8	63.5351859720258
Cytoplasm_AreaShape_EulerNumber	1	147	4.79386385426654e-05	0.8	1117.82757869232
Cytoplasm_AreaShape_Extent	1	147	4.79386385426654e-05	0.8	1081.59459397516
Cytoplasm_AreaShape_FormFactor	1	147	4.79386385426654e-05	0.8	1253.25300660167
Cytoplasm_AreaShape_MajorAxisLength	1	147	4.79386385426654e-05	0.8	278.461856948537
Cytoplasm_AreaShape_MaxFeretDiameter	1	147	4.79386385426654e-05	0.8	167.662073041055
Cytoplasm_AreaShape_MaximumRadius	1	147	4.79386385426654e-05	0.8	51.4250620083114
Cytoplasm_AreaShape_MeanRadius	1	147	4.79386385426654e-05	0.8	50.2234500469713
Cytoplasm_AreaShape_MedianRadius	1	147	4.79386385426654e-05	0.8	53.2817078120548
Cytoplasm_AreaShape_MinFeretDiameter	1	147	4.79386385426654e-05	0.8	132.362023690687
Cytoplasm_AreaShape_MinorAxisLength	1	147	4.79386385426654e-05	0.8	121.940607286341
Cytoplasm_AreaShape_Orientation	1	147	4.79386385426654e-05	0.8	1412.92872984088
Cytoplasm_AreaShape_Perimeter	1	147	4.79386385426654e-05	0.8	177.187050135884
Cytoplasm_AreaShape_Solidity	1	147	4.79386385426654e-05	0.8	900.201004823557
Cytoplasm_AreaShape_Zernike_0_0	1	147	4.79386385426654e-05	0.8	2491.34903179661
Cytoplasm_AreaShape_Zernike_1_1	1	147	4.79386385426654e-05	0.8	2255.73710121719
Cytoplasm_AreaShape_Zernike_2_0	1	147	4.79386385426654e-05	0.8	500.918894362177
Cytoplasm_AreaShape_Zernike_2_2	1	147	4.79386385426654e-05	0.8	1591.70647479322
Cytoplasm_AreaShape_Zernike_3_1	1	147	4.79386385426654e-05	0.8	644.857756783479
Cytoplasm_AreaShape_Zernike_3_3	1	147	4.79386385426654e-05	0.8	3193.21151043234
Cytoplasm_AreaShape_Zernike_4_0	1	147	4.79386385426654e-05	0.8	1389.41000187432
Cytoplasm_AreaShape_Zernike_4_2	1	147	4.79386385426654e-05	0.8	2038.72594907778
Cytoplasm_AreaShape_Zernike_4_4	1	147	4.79386385426654e-05	0.8	791.17601484815
Cytoplasm_AreaShape_Zernike_5_1	1	147	4.79386385426654e-05	0.8	22302.9585856602
Cytoplasm_AreaShape_Zernike_5_3	1	147	4.79386385426654e-05	0.8	3157.72535030432
Cytoplasm_AreaShape_Zernike_5_5	1	147	4.79386385426654e-05	0.8	1705.0976133332
Cytoplasm_AreaShape_Zernike_6_0	1	147	4.79386385426654e-05	0.8	53066.8010392796
Cytoplasm_AreaShape_Zernike_6_2	1	147	4.79386385426654e-05	0.8	855.1733345492
Cytoplasm_AreaShape_Zernike_6_4	1	147	4.79386385426654e-05	0.8	1620.16574489956
Cytoplasm_AreaShape_Zernike_6_6	1	147	4.79386385426654e-05	0.8	2248.33690886609
Cytoplasm_AreaShape_Zernike_7_1	1	147	4.79386385426654e-05	0.8	39794.2442711519
Cytoplasm_AreaShape_Zernike_7_3	1	147	4.79386385426654e-05	0.8	3341.27419264589
Cytoplasm_AreaShape_Zernike_7_5	1	147	4.79386385426654e-05	0.8	568.62401396199
Cytoplasm_AreaShape_Zernike_7_7	1	147	4.79386385426654e-05	0.8	24843.849548599
Cytoplasm_AreaShape_Zernike_8_0	1	147	4.79386385426654e-05	0.8	3004.27574508531
Cytoplasm_AreaShape_Zernike_8_2	1	147	4.79386385426654e-05	0.8	2883.92956603128
Cytoplasm_AreaShape_Zernike_8_4	1	147	4.79386385426654e-05	0.8	643.955489153473
Cytoplasm_AreaShape_Zernike_8_6	1	147	4.79386385426654e-05	0.8	2529.37352394917
Cytoplasm_AreaShape_Zernike_8_8	1	147	4.79386385426654e-05	0.8	5296.44328133444
Cytoplasm_AreaShape_Zernike_9_1	1	147	4.79386385426654e-05	0.8	10029.5714858234
Cytoplasm_AreaShape_Zernike_9_3	1	147	4.79386385426654e-05	0.8	9711.07377231493
Cytoplasm_AreaShape_Zernike_9_5	1	147	4.79386385426654e-05	0.8	3093.07047052618
Cytoplasm_AreaShape_Zernike_9_7	1	147	4.79386385426654e-05	0.8	18199.5445013943
Cytoplasm_AreaShape_Zernike_9_9	1	147	4.79386385426654e-05	0.8	131198.551833115
Cytoplasm_Correlation_Correlation_DAPI_GFP	1	147	4.79386385426654e-05	0.8	1227.52133088555
Cytoplasm_Correlation_Correlation_DAPI_RFP	1	147	4.79386385426654e-05	0.8	3532.52197702496
Cytoplasm_Correlation_Correlation_GFP_RFP	1	147	4.79386385426654e-05	0.8	438.574934154855
Cytoplasm_Correlation_Costes_DAPI_GFP	1	147	4.79386385426654e-05	0.8	589.805080740568
Cytoplasm_Correlation_Costes_DAPI_RFP	1	147	4.79386385426654e-05	0.8	54.0271533561546
Cytoplasm_Correlation_Costes_GFP_DAPI	1	147	4.79386385426654e-05	0.8	346.208262430346
Cytoplasm_Correlation_Costes_GFP_RFP	1	147	4.79386385426654e-05	0.8	806.770998224649
Cytoplasm_Correlation_Costes_RFP_DAPI	1	147	4.79386385426654e-05	0.8	153.619136040943
Cytoplasm_Correlation_Costes_RFP_GFP	1	147	4.79386385426654e-05	Cytoplasm_Correlation_Costes_RFP_GFP	1
Cytoplasm_Correlation_K_DAPI_GFP	1	147	4.79386385426654e-05	0.8	87.9353388050794
Cytoplasm_Correlation_K_DAPI_RFP	1	147	4.79386385426654e-05	0.8	93.3511168043001
Cytoplasm_Correlation_K_GFP_DAPI	1	147	4.79386385426654e-05	0.8	116.497274594725
Cytoplasm_Correlation_K_GFP_RFP	1	147	4.79386385426654e-05	0.8	716.37358998055
Cytoplasm_Correlation_K_RFP_DAPI	1	147	4.79386385426654e-05	0.8	163.341172608909
Cytoplasm_Correlation_K_RFP_GFP	1	147	4.79386385426654e-05	0.8	1230.53807587618
Cytoplasm_Correlation_Manders_DAPI_GFP	1	147	4.79386385426654e-05	0.8	100.480171059149
Cytoplasm_Correlation_Manders_DAPI_RFP	1	147	4.79386385426654e-05	0.8	1764.1115543216
Cytoplasm_Correlation_Manders_GFP_DAPI	1	147	4.79386385426654e-05	0.8	5434.03111560257
Cytoplasm_Correlation_Manders_GFP_RFP	1	147	4.79386385426654e-05	0.8	1222.14164057476
Cytoplasm_Correlation_Manders_RFP_DAPI	1	147	4.79386385426654e-05	0.8	4592.80936247104
Cytoplasm_Correlation_Manders_RFP_GFP	1	147	4.79386385426654e-05	0.8	98.006542546781
Cytoplasm_Correlation_Overlap_DAPI_GFP	1	147	4.79386385426654e-05	0.8	12144.7106824782
Cytoplasm_Correlation_Overlap_DAPI_RFP	1	147	4.79386385426654e-05	0.8	138.03460289766
Cytoplasm_Correlation_Overlap_GFP_RFP	1	147	4.79386385426654e-05	0.8	527.063147647222
Cytoplasm_Correlation_RWC_DAPI_GFP	1	147	4.79386385426654e-05	0.8	86.5895541986995
Cytoplasm_Correlation_RWC_DAPI_RFP	1	147	4.79386385426654e-05	0.8	941.499083025899
Cytoplasm_Correlation_RWC_GFP_DAPI	1	147	4.79386385426654e-05	0.8	307.576893507067
Cytoplasm_Correlation_RWC_GFP_RFP	1	147	4.79386385426654e-05	0.8	304.653613893976
Cytoplasm_Correlation_RWC_RFP_DAPI	1	147	4.79386385426654e-05	0.8	1517.55115731714
Cytoplasm_Correlation_RWC_RFP_GFP	1	147	4.79386385426654e-05	0.8	90.7744738101737
Cytoplasm_Granularity_10_DAPI	1	147	4.79386385426654e-05	0.8	617.278173829446
Cytoplasm_Granularity_10_GFP	1	147	4.79386385426654e-05	0.8	662.292643983331
Cytoplasm_Granularity_10_RFP	1	147	4.79386385426654e-05	0.8	4090.5154415014
Cytoplasm_Granularity_11_DAPI	1	147	4.79386385426654e-05	0.8	633.836938182618
Cytoplasm_Granularity_11_GFP	1	147	4.79386385426654e-05	0.8	3025.61427376079
Cytoplasm_Granularity_11_RFP	1	147	4.79386385426654e-05	0.8	2977.40281889398
Cytoplasm_Granularity_12_DAPI	1	147	4.79386385426654e-05	0.8	540.130630291936
Cytoplasm_Granularity_12_GFP	1	147	4.79386385426654e-05	0.8	2419.43884686674
Cytoplasm_Granularity_12_RFP	1	147	4.79386385426654e-05	0.8	1681.59774398188
Cytoplasm_Granularity_13_DAPI	1	147	4.79386385426654e-05	0.8	869.365488670366
Cytoplasm_Granularity_13_GFP	1	147	4.79386385426654e-05	0.8	980.087764220575
Cytoplasm_Granularity_13_RFP	1	147	4.79386385426654e-05	0.8	1867.17527587631
Cytoplasm_Granularity_14_DAPI	1	147	4.79386385426654e-05	0.8	1999.01794783194
Cytoplasm_Granularity_14_GFP	1	147	4.79386385426654e-05	0.8	13935.0895198189
Cytoplasm_Granularity_14_RFP	1	147	4.79386385426654e-05	0.8	1392.0371495912
Cytoplasm_Granularity_15_DAPI	1	147	4.79386385426654e-05	0.8	421.740469233305
Cytoplasm_Granularity_15_GFP	1	147	4.79386385426654e-05	0.8	3376.38673672483
Cytoplasm_Granularity_15_RFP	1	147	4.79386385426654e-05	0.8	2504.02947497122
Cytoplasm_Granularity_16_DAPI	1	147	4.79386385426654e-05	0.8	756.396786491262
Cytoplasm_Granularity_16_GFP	1	147	4.79386385426654e-05	0.8	514.411201608364
Cytoplasm_Granularity_16_RFP	1	147	4.79386385426654e-05	0.8	1078.1429952785
Cytoplasm_Granularity_1_DAPI	1	147	4.79386385426654e-05	0.8	77.0403513916697
Cytoplasm_Granularity_1_GFP	1	147	4.79386385426654e-05	0.8	195.649051985238
Cytoplasm_Granularity_1_RFP	1	147	4.79386385426654e-05	0.8	50.7255973844086
Cytoplasm_Granularity_2_DAPI	1	147	4.79386385426654e-05	0.8	343.44276100348
Cytoplasm_Granularity_2_GFP	1	147	4.79386385426654e-05	0.8	211.943161882231
Cytoplasm_Granularity_2_RFP	1	147	4.79386385426654e-05	0.8	236.13524795145
Cytoplasm_Granularity_3_DAPI	1	147	4.79386385426654e-05	0.8	7994.08222950199
Cytoplasm_Granularity_3_GFP	1	147	4.79386385426654e-05	0.8	212.873618663854
Cytoplasm_Granularity_3_RFP	1	147	4.79386385426654e-05	0.8	374.630426813348
Cytoplasm_Granularity_4_DAPI	1	147	4.79386385426654e-05	0.8	1992.77134173344
Cytoplasm_Granularity_4_GFP	1	147	4.79386385426654e-05	0.8	519.373195370636
Cytoplasm_Granularity_4_RFP	1	147	4.79386385426654e-05	0.8	622.267260682889
Cytoplasm_Granularity_5_DAPI	1	147	4.79386385426654e-05	0.8	2168.07458836782
Cytoplasm_Granularity_5_GFP	1	147	4.79386385426654e-05	0.8	577.255845745663
Cytoplasm_Granularity_5_RFP	1	147	4.79386385426654e-05	0.8	1813.03501944151
Cytoplasm_Granularity_6_DAPI	1	147	4.79386385426654e-05	0.8	821.453917275563
Cytoplasm_Granularity_6_GFP	1	147	4.79386385426654e-05	0.8	579.100064340759
Cytoplasm_Granularity_6_RFP	1	147	4.79386385426654e-05	0.8	2722.7150627403
Cytoplasm_Granularity_7_DAPI	1	147	4.79386385426654e-05	0.8	482.549904479069
Cytoplasm_Granularity_7_GFP	1	147	4.79386385426654e-05	0.8	19983.631264172
Cytoplasm_Granularity_7_RFP	1	147	4.79386385426654e-05	0.8	686.13958650637
Cytoplasm_Granularity_8_DAPI	1	147	4.79386385426654e-05	0.8	213.280889250765
Cytoplasm_Granularity_8_GFP	1	147	4.79386385426654e-05	0.8	735.403473339462
Cytoplasm_Granularity_8_RFP	1	147	4.79386385426654e-05	0.8	1865.45796878158
Cytoplasm_Granularity_9_DAPI	1	147	4.79386385426654e-05	0.8	273.05852185922
Cytoplasm_Granularity_9_GFP	1	147	4.79386385426654e-05	0.8	3521.17016836453
Cytoplasm_Granularity_9_RFP	1	147	4.79386385426654e-05	0.8	790.762570553413
Cytoplasm_Intensity_IntegratedIntensityEdge_DAPI	1	147	4.79386385426654e-05	0.8	438.642565758497
Cytoplasm_Intensity_IntegratedIntensityEdge_GFP	1	147	4.79386385426654e-05	0.8	408.670989278204
Cytoplasm_Intensity_IntegratedIntensityEdge_RFP	1	147	4.79386385426654e-05	0.8	142.225983388306
Cytoplasm_Intensity_IntegratedIntensity_DAPI	1	147	4.79386385426654e-05	0.8	75.0699615363684
Cytoplasm_Intensity_IntegratedIntensity_GFP	1	147	4.79386385426654e-05	0.8	58.7800540168926
Cytoplasm_Intensity_IntegratedIntensity_RFP	1	147	4.79386385426654e-05	0.8	83.6267792815915
Cytoplasm_Intensity_LowerQuartileIntensity_DAPI	1	147	4.79386385426654e-05	0.8	21.8997868216981
Cytoplasm_Intensity_LowerQuartileIntensity_GFP	1	147	4.79386385426654e-05	0.8	542.921095403433
Cytoplasm_Intensity_LowerQuartileIntensity_RFP	1	147	4.79386385426654e-05	0.8	217.795868172739
Cytoplasm_Intensity_MADIntensity_DAPI	1	147	4.79386385426654e-05	0.8	616.689274677654
Cytoplasm_Intensity_MADIntensity_GFP	1	147	4.79386385426654e-05	0.8	348.897259584135
Cytoplasm_Intensity_MADIntensity_RFP	1	147	4.79386385426654e-05	0.8	617.270342915452
Cytoplasm_Intensity_MassDisplacement_DAPI	1	147	4.79386385426654e-05	0.8	1622.02326950422
Cytoplasm_Intensity_MassDisplacement_GFP	1	147	4.79386385426654e-05	0.8	705.018589603935
Cytoplasm_Intensity_MassDisplacement_RFP	1	147	4.79386385426654e-05	0.8	391.168448954988
Cytoplasm_Intensity_MaxIntensityEdge_DAPI	1	147	4.79386385426654e-05	0.8	162.316206692707
Cytoplasm_Intensity_MaxIntensityEdge_GFP	1	147	4.79386385426654e-05	0.8	933.347190302467
Cytoplasm_Intensity_MaxIntensityEdge_RFP	1	147	4.79386385426654e-05	0.8	782.319113078628
Cytoplasm_Intensity_MaxIntensity_DAPI	1	147	4.79386385426654e-05	0.8	162.316206692707
Cytoplasm_Intensity_MaxIntensity_GFP	1	147	4.79386385426654e-05	0.8	362.289075104208
Cytoplasm_Intensity_MaxIntensity_RFP	1	147	4.79386385426654e-05	0.8	268.748385471201
Cytoplasm_Intensity_MeanIntensityEdge_DAPI	1	147	4.79386385426654e-05	0.8	78.9764038183963
Cytoplasm_Intensity_MeanIntensityEdge_GFP	1	147	4.79386385426654e-05	0.8	367.083991233587
Cytoplasm_Intensity_MeanIntensityEdge_RFP	1	147	4.79386385426654e-05	0.8	227.6787790566
Cytoplasm_Intensity_MeanIntensity_DAPI	1	147	4.79386385426654e-05	0.8	46.324116684589
Cytoplasm_Intensity_MeanIntensity_GFP	1	147	4.79386385426654e-05	0.8	351.99668724793
Cytoplasm_Intensity_MeanIntensity_RFP	1	147	4.79386385426654e-05	0.8	267.866410914807
Cytoplasm_Intensity_MedianIntensity_DAPI	1	147	4.79386385426654e-05	0.8	26.291150581352
Cytoplasm_Intensity_MedianIntensity_GFP	1	147	4.79386385426654e-05	0.8	222.830077759226
Cytoplasm_Intensity_MedianIntensity_RFP	1	147	4.79386385426654e-05	0.8	266.731106467634
Cytoplasm_Intensity_MinIntensityEdge_DAPI	1	147	4.79386385426654e-05	0.8	24.3175816603954
Cytoplasm_Intensity_MinIntensityEdge_GFP	1	147	4.79386385426654e-05	0.8	948.349647627498
Cytoplasm_Intensity_MinIntensityEdge_RFP	1	147	4.79386385426654e-05	0.8	207.645030680468
Cytoplasm_Intensity_MinIntensity_DAPI	1	147	4.79386385426654e-05	0.8	22.7107932689591
Cytoplasm_Intensity_MinIntensity_GFP	1	147	4.79386385426654e-05	0.8	960.039710004694
Cytoplasm_Intensity_MinIntensity_RFP	1	147	4.79386385426654e-05	0.8	264.759851722993
Cytoplasm_Intensity_StdIntensityEdge_DAPI	1	147	4.79386385426654e-05	0.8	105.688667759144
Cytoplasm_Intensity_StdIntensityEdge_GFP	1	147	4.79386385426654e-05	0.8	1092.50119443474
Cytoplasm_Intensity_StdIntensityEdge_RFP	1	147	4.79386385426654e-05	0.8	2755.37042740882
Cytoplasm_Intensity_StdIntensity_DAPI	1	147	4.79386385426654e-05	0.8	56.5890882848013
Cytoplasm_Intensity_StdIntensity_GFP	1	147	4.79386385426654e-05	0.8	339.614248319087
Cytoplasm_Intensity_StdIntensity_RFP	1	147	4.79386385426654e-05	0.8	630.483556062936
Cytoplasm_Intensity_UpperQuartileIntensity_DAPI	1	147	4.79386385426654e-05	0.8	142.349870904109
Cytoplasm_Intensity_UpperQuartileIntensity_GFP	1	147	4.79386385426654e-05	0.8	405.653054556093
Cytoplasm_Intensity_UpperQuartileIntensity_RFP	1	147	4.79386385426654e-05	0.8	288.666357028771
Cytoplasm_Location_CenterMassIntensity_X_DAPI	1	147	4.79386385426654e-05	0.8	4923.50558421253
Cytoplasm_Location_CenterMassIntensity_X_GFP	1	147	4.79386385426654e-05	0.8	4061.25627446574
Cytoplasm_Location_CenterMassIntensity_X_RFP	1	147	4.79386385426654e-05	0.8	4953.44863639963
Cytoplasm_Location_CenterMassIntensity_Y_DAPI	1	147	4.79386385426654e-05	0.8	2850.30306274145
Cytoplasm_Location_CenterMassIntensity_Y_GFP	1	147	4.79386385426654e-05	0.8	3060.45868625875
Cytoplasm_Location_CenterMassIntensity_Y_RFP	1	147	4.79386385426654e-05	0.8	3057.78733285333
Cytoplasm_Location_CenterMassIntensity_Z_DAPI	1	147	4.79386385426654e-05	Cytoplasm_Location_CenterMassIntensity_Z_DAPI	1
Cytoplasm_Location_CenterMassIntensity_Z_GFP	1	147	4.79386385426654e-05	Cytoplasm_Location_CenterMassIntensity_Z_GFP	1
Cytoplasm_Location_CenterMassIntensity_Z_RFP	1	147	4.79386385426654e-05	Cytoplasm_Location_CenterMassIntensity_Z_RFP	1
Cytoplasm_Location_Center_X	1	147	4.79386385426654e-05	0.8	5010.14898107181
Cytoplasm_Location_Center_Y	1	147	4.79386385426654e-05	0.8	2967.62969910294
Cytoplasm_Location_MaxIntensity_X_DAPI	1	147	4.79386385426654e-05	0.8	5350.13053520578
Cytoplasm_Location_MaxIntensity_X_GFP	1	147	4.79386385426654e-05	0.8	3722.99122725424
Cytoplasm_Location_MaxIntensity_X_RFP	1	147	4.79386385426654e-05	0.8	8387.79817340904
Cytoplasm_Location_MaxIntensity_Y_DAPI	1	147	4.79386385426654e-05	0.8	3711.31296874822
Cytoplasm_Location_MaxIntensity_Y_GFP	1	147	4.79386385426654e-05	0.8	2225.8701997001
Cytoplasm_Location_MaxIntensity_Y_RFP	1	147	4.79386385426654e-05	0.8	1960.06309522175
Cytoplasm_Location_MaxIntensity_Z_DAPI	1	147	4.79386385426654e-05	Cytoplasm_Location_MaxIntensity_Z_DAPI	1
Cytoplasm_Location_MaxIntensity_Z_GFP	1	147	4.79386385426654e-05	Cytoplasm_Location_MaxIntensity_Z_GFP	1
Cytoplasm_Location_MaxIntensity_Z_RFP	1	147	4.79386385426654e-05	Cytoplasm_Location_MaxIntensity_Z_RFP	1
Cytoplasm_RadialDistribution_FracAtD_DAPI_1of4	1	147	4.79386385426654e-05	0.8	312.20705946102
Cytoplasm_RadialDistribution_FracAtD_DAPI_2of4	1	147	4.79386385426654e-05	0.8	324.184837197152
Cytoplasm_RadialDistribution_FracAtD_DAPI_3of4	1	147	4.79386385426654e-05	0.8	256.354637633977
Cytoplasm_RadialDistribution_FracAtD_DAPI_4of4	1	147	4.79386385426654e-05	0.8	264.236805025004
Cytoplasm_RadialDistribution_FracAtD_GFP_1of4	1	147	4.79386385426654e-05	0.8	1054022.10048745
Cytoplasm_RadialDistribution_FracAtD_GFP_2of4	1	147	4.79386385426654e-05	0.8	38183.3609247498
Cytoplasm_RadialDistribution_FracAtD_GFP_3of4	1	147	4.79386385426654e-05	0.8	750.657372963516
Cytoplasm_RadialDistribution_FracAtD_GFP_4of4	1	147	4.79386385426654e-05	0.8	1625.75921007894
Cytoplasm_RadialDistribution_FracAtD_RFP_1of4	1	147	4.79386385426654e-05	0.8	6345.42792778528
Cytoplasm_RadialDistribution_FracAtD_RFP_2of4	1	147	4.79386385426654e-05	0.8	15744.5506239719
Cytoplasm_RadialDistribution_FracAtD_RFP_3of4	1	147	4.79386385426654e-05	0.8	1150.68027387089
Cytoplasm_RadialDistribution_FracAtD_RFP_4of4	1	147	4.79386385426654e-05	0.8	1973.81267975527
Cytoplasm_RadialDistribution_MeanFrac_DAPI_1of4	1	147	4.79386385426654e-05	0.8	109.108895021015
Cytoplasm_RadialDistribution_MeanFrac_DAPI_2of4	1	147	4.79386385426654e-05	0.8	116.069929492631
Cytoplasm_RadialDistribution_MeanFrac_DAPI_3of4	1	147	4.79386385426654e-05	0.8	162.545548006196
Cytoplasm_RadialDistribution_MeanFrac_DAPI_4of4	1	147	4.79386385426654e-05	0.8	562.303136655649
Cytoplasm_RadialDistribution_MeanFrac_GFP_1of4	1	147	4.79386385426654e-05	0.8	1603.29883559501
Cytoplasm_RadialDistribution_MeanFrac_GFP_2of4	1	147	4.79386385426654e-05	0.8	1564.87227678265
Cytoplasm_RadialDistribution_MeanFrac_GFP_3of4	1	147	4.79386385426654e-05	0.8	1999.20715181276
Cytoplasm_RadialDistribution_MeanFrac_GFP_4of4	1	147	4.79386385426654e-05	0.8	8491.28090584995
Cytoplasm_RadialDistribution_MeanFrac_RFP_1of4	1	147	4.79386385426654e-05	0.8	704.065546144912
Cytoplasm_RadialDistribution_MeanFrac_RFP_2of4	1	147	4.79386385426654e-05	0.8	328.641230607346
Cytoplasm_RadialDistribution_MeanFrac_RFP_3of4	1	147	4.79386385426654e-05	0.8	657.930339721632
Cytoplasm_RadialDistribution_MeanFrac_RFP_4of4	1	147	4.79386385426654e-05	0.8	410.24307632885
Cytoplasm_RadialDistribution_RadialCV_DAPI_1of4	1	147	4.79386385426654e-05	0.8	10331.5271449913
Cytoplasm_RadialDistribution_RadialCV_DAPI_2of4	1	147	4.79386385426654e-05	0.8	1205.64531330242
Cytoplasm_RadialDistribution_RadialCV_DAPI_3of4	1	147	4.79386385426654e-05	0.8	268.157111399444
Cytoplasm_RadialDistribution_RadialCV_DAPI_4of4	1	147	4.79386385426654e-05	0.8	354.911780499247
Cytoplasm_RadialDistribution_RadialCV_GFP_1of4	1	147	4.79386385426654e-05	0.8	277.315505879995
Cytoplasm_RadialDistribution_RadialCV_GFP_2of4	1	147	4.79386385426654e-05	0.8	144.724089781361
Cytoplasm_RadialDistribution_RadialCV_GFP_3of4	1	147	4.79386385426654e-05	0.8	152.673283924837
Cytoplasm_RadialDistribution_RadialCV_GFP_4of4	1	147	4.79386385426654e-05	0.8	178.973166343345
Cytoplasm_RadialDistribution_RadialCV_RFP_1of4	1	147	4.79386385426654e-05	0.8	1647.92715076187
Cytoplasm_RadialDistribution_RadialCV_RFP_2of4	1	147	4.79386385426654e-05	0.8	51113.5788122725
Cytoplasm_RadialDistribution_RadialCV_RFP_3of4	1	147	4.79386385426654e-05	0.8	3175.47048650699
Cytoplasm_RadialDistribution_RadialCV_RFP_4of4	1	147	4.79386385426654e-05	0.8	1456.36461889589
Cytoplasm_Texture_AngularSecondMoment_GFP_3_00_256	1	147	4.79386385426654e-05	0.8	89.5153879057837
Cytoplasm_Texture_AngularSecondMoment_GFP_3_01_256	1	147	4.79386385426654e-05	0.8	90.222344012906
Cytoplasm_Texture_AngularSecondMoment_GFP_3_02_256	1	147	4.79386385426654e-05	0.8	87.2008091823466
Cytoplasm_Texture_AngularSecondMoment_GFP_3_03_256	1	147	4.79386385426654e-05	0.8	87.9038144311064
Cytoplasm_Texture_AngularSecondMoment_RFP_3_00_256	1	147	4.79386385426654e-05	0.8	445.881520840098
Cytoplasm_Texture_AngularSecondMoment_RFP_3_01_256	1	147	4.79386385426654e-05	0.8	427.683340652902
Cytoplasm_Texture_AngularSecondMoment_RFP_3_02_256	1	147	4.79386385426654e-05	0.8	514.275069610751
Cytoplasm_Texture_AngularSecondMoment_RFP_3_03_256	1	147	4.79386385426654e-05	0.8	615.18154711446
Cytoplasm_Texture_Contrast_GFP_3_00_256	1	147	4.79386385426654e-05	0.8	2450.27952979491
Cytoplasm_Texture_Contrast_GFP_3_01_256	1	147	4.79386385426654e-05	0.8	1895.39043530261
Cytoplasm_Texture_Contrast_GFP_3_02_256	1	147	4.79386385426654e-05	0.8	1531.86481838734
Cytoplasm_Texture_Contrast_GFP_3_03_256	1	147	4.79386385426654e-05	0.8	1349.19430019566
Cytoplasm_Texture_Contrast_RFP_3_00_256	1	147	4.79386385426654e-05	0.8	601.087765116499
Cytoplasm_Texture_Contrast_RFP_3_01_256	1	147	4.79386385426654e-05	0.8	891.625508078339
Cytoplasm_Texture_Contrast_RFP_3_02_256	1	147	4.79386385426654e-05	0.8	1492.77754326216
Cytoplasm_Texture_Contrast_RFP_3_03_256	1	147	4.79386385426654e-05	0.8	1192.6359396291
Cytoplasm_Texture_Correlation_GFP_3_00_256	1	147	4.79386385426654e-05	0.8	222.795884223399
Cytoplasm_Texture_Correlation_GFP_3_01_256	1	147	4.79386385426654e-05	0.8	192.389193562795
Cytoplasm_Texture_Correlation_GFP_3_02_256	1	147	4.79386385426654e-05	0.8	167.555290376224
Cytoplasm_Texture_Correlation_GFP_3_03_256	1	147	4.79386385426654e-05	0.8	142.107085586374
Cytoplasm_Texture_Correlation_RFP_3_00_256	1	147	4.79386385426654e-05	0.8	510.986633647059
Cytoplasm_Texture_Correlation_RFP_3_01_256	1	147	4.79386385426654e-05	0.8	654.768585370217
Cytoplasm_Texture_Correlation_RFP_3_02_256	1	147	4.79386385426654e-05	0.8	564.349444961607
Cytoplasm_Texture_Correlation_RFP_3_03_256	1	147	4.79386385426654e-05	0.8	282.554526241456
Cytoplasm_Texture_DifferenceEntropy_GFP_3_00_256	1	147	4.79386385426654e-05	0.8	436.772354140922
Cytoplasm_Texture_DifferenceEntropy_GFP_3_01_256	1	147	4.79386385426654e-05	0.8	355.958867788854
Cytoplasm_Texture_DifferenceEntropy_GFP_3_02_256	1	147	4.79386385426654e-05	0.8	355.798883182386
Cytoplasm_Texture_DifferenceEntropy_GFP_3_03_256	1	147	4.79386385426654e-05	0.8	293.053791872966
Cytoplasm_Texture_DifferenceEntropy_RFP_3_00_256	1	147	4.79386385426654e-05	0.8	2135.77789443309
Cytoplasm_Texture_DifferenceEntropy_RFP_3_01_256	1	147	4.79386385426654e-05	0.8	2566.51461647559
Cytoplasm_Texture_DifferenceEntropy_RFP_3_02_256	1	147	4.79386385426654e-05	0.8	4544.17831185101
Cytoplasm_Texture_DifferenceEntropy_RFP_3_03_256	1	147	4.79386385426654e-05	0.8	2752.75770192915
Cytoplasm_Texture_DifferenceVariance_GFP_3_00_256	1	147	4.79386385426654e-05	0.8	390.328046286201
Cytoplasm_Texture_DifferenceVariance_GFP_3_01_256	1	147	4.79386385426654e-05	0.8	274.353584843778
Cytoplasm_Texture_DifferenceVariance_GFP_3_02_256	1	147	4.79386385426654e-05	0.8	349.78507378502
Cytoplasm_Texture_DifferenceVariance_GFP_3_03_256	1	147	4.79386385426654e-05	0.8	277.160409905332
Cytoplasm_Texture_DifferenceVariance_RFP_3_00_256	1	147	4.79386385426654e-05	0.8	561.930550370809
Cytoplasm_Texture_DifferenceVariance_RFP_3_01_256	1	147	4.79386385426654e-05	0.8	513.919523696199
Cytoplasm_Texture_DifferenceVariance_RFP_3_02_256	1	147	4.79386385426654e-05	0.8	707.773079450602
Cytoplasm_Texture_DifferenceVariance_RFP_3_03_256	1	147	4.79386385426654e-05	0.8	974.326154800481
Cytoplasm_Texture_Entropy_GFP_3_00_256	1	147	4.79386385426654e-05	0.8	199.365545852899
Cytoplasm_Texture_Entropy_GFP_3_01_256	1	147	4.79386385426654e-05	0.8	190.819352349312
Cytoplasm_Texture_Entropy_GFP_3_02_256	1	147	4.79386385426654e-05	0.8	188.765553246424
Cytoplasm_Texture_Entropy_GFP_3_03_256	1	147	4.79386385426654e-05	0.8	184.126608209289
Cytoplasm_Texture_Entropy_RFP_3_00_256	1	147	4.79386385426654e-05	0.8	744.347775620857
Cytoplasm_Texture_Entropy_RFP_3_01_256	1	147	4.79386385426654e-05	0.8	730.123472406626
Cytoplasm_Texture_Entropy_RFP_3_02_256	1	147	4.79386385426654e-05	0.8	853.515764389867
Cytoplasm_Texture_Entropy_RFP_3_03_256	1	147	4.79386385426654e-05	0.8	876.827306989975
Cytoplasm_Texture_InfoMeas1_GFP_3_00_256	1	147	4.79386385426654e-05	0.8	588.187099743121
Cytoplasm_Texture_InfoMeas1_GFP_3_01_256	1	147	4.79386385426654e-05	0.8	743.59710565026
Cytoplasm_Texture_InfoMeas1_GFP_3_02_256	1	147	4.79386385426654e-05	0.8	313.469550457731
Cytoplasm_Texture_InfoMeas1_GFP_3_03_256	1	147	4.79386385426654e-05	0.8	284.597782375548
Cytoplasm_Texture_InfoMeas1_RFP_3_00_256	1	147	4.79386385426654e-05	0.8	758.982383854168
Cytoplasm_Texture_InfoMeas1_RFP_3_01_256	1	147	4.79386385426654e-05	0.8	935.421289928316
Cytoplasm_Texture_InfoMeas1_RFP_3_02_256	1	147	4.79386385426654e-05	0.8	476.525463909836
Cytoplasm_Texture_InfoMeas1_RFP_3_03_256	1	147	4.79386385426654e-05	0.8	237.59008882308
Cytoplasm_Texture_InfoMeas2_GFP_3_00_256	1	147	4.79386385426654e-05	0.8	439.228348353349
Cytoplasm_Texture_InfoMeas2_GFP_3_01_256	1	147	4.79386385426654e-05	0.8	530.976564938516
Cytoplasm_Texture_InfoMeas2_GFP_3_02_256	1	147	4.79386385426654e-05	0.8	336.542790476173
Cytoplasm_Texture_InfoMeas2_GFP_3_03_256	1	147	4.79386385426654e-05	0.8	273.309377170858
Cytoplasm_Texture_InfoMeas2_RFP_3_00_256	1	147	4.79386385426654e-05	0.8	336.304653288884
Cytoplasm_Texture_InfoMeas2_RFP_3_01_256	1	147	4.79386385426654e-05	0.8	465.037885890562
Cytoplasm_Texture_InfoMeas2_RFP_3_02_256	1	147	4.79386385426654e-05	0.8	323.141833564045
Cytoplasm_Texture_InfoMeas2_RFP_3_03_256	1	147	4.79386385426654e-05	0.8	222.519408735808
Cytoplasm_Texture_InverseDifferenceMoment_GFP_3_00_256	1	147	4.79386385426654e-05	0.8	137.515648352547
Cytoplasm_Texture_InverseDifferenceMoment_GFP_3_01_256	1	147	4.79386385426654e-05	0.8	125.18290747577
Cytoplasm_Texture_InverseDifferenceMoment_GFP_3_02_256	1	147	4.79386385426654e-05	0.8	118.161209459402
Cytoplasm_Texture_InverseDifferenceMoment_GFP_3_03_256	1	147	4.79386385426654e-05	0.8	102.418576538936
Cytoplasm_Texture_InverseDifferenceMoment_RFP_3_00_256	1	147	4.79386385426654e-05	0.8	3072.97169222828
Cytoplasm_Texture_InverseDifferenceMoment_RFP_3_01_256	1	147	4.79386385426654e-05	0.8	1935.61874447912
Cytoplasm_Texture_InverseDifferenceMoment_RFP_3_02_256	1	147	4.79386385426654e-05	0.8	4039.10458342149
Cytoplasm_Texture_InverseDifferenceMoment_RFP_3_03_256	1	147	4.79386385426654e-05	0.8	18161.0901406131
Cytoplasm_Texture_SumAverage_GFP_3_00_256	1	147	4.79386385426654e-05	0.8	342.080827579504
Cytoplasm_Texture_SumAverage_GFP_3_01_256	1	147	4.79386385426654e-05	0.8	344.302877101093
Cytoplasm_Texture_SumAverage_GFP_3_02_256	1	147	4.79386385426654e-05	0.8	347.401438837658
Cytoplasm_Texture_SumAverage_GFP_3_03_256	1	147	4.79386385426654e-05	0.8	346.314867849067
Cytoplasm_Texture_SumAverage_RFP_3_00_256	1	147	4.79386385426654e-05	0.8	283.764491508871
Cytoplasm_Texture_SumAverage_RFP_3_01_256	1	147	4.79386385426654e-05	0.8	289.542867631221
Cytoplasm_Texture_SumAverage_RFP_3_02_256	1	147	4.79386385426654e-05	0.8	286.885692304885
Cytoplasm_Texture_SumAverage_RFP_3_03_256	1	147	4.79386385426654e-05	0.8	292.028251413654
Cytoplasm_Texture_SumEntropy_GFP_3_00_256	1	147	4.79386385426654e-05	0.8	185.03926884785
Cytoplasm_Texture_SumEntropy_GFP_3_01_256	1	147	4.79386385426654e-05	0.8	188.815172228489
Cytoplasm_Texture_SumEntropy_GFP_3_02_256	1	147	4.79386385426654e-05	0.8	183.84240853092
Cytoplasm_Texture_SumEntropy_GFP_3_03_256	1	147	4.79386385426654e-05	0.8	188.737999820274
Cytoplasm_Texture_SumEntropy_RFP_3_00_256	1	147	4.79386385426654e-05	0.8	458.881816401613
Cytoplasm_Texture_SumEntropy_RFP_3_01_256	1	147	4.79386385426654e-05	0.8	458.086122079078
Cytoplasm_Texture_SumEntropy_RFP_3_02_256	1	147	4.79386385426654e-05	0.8	447.351836175928
Cytoplasm_Texture_SumEntropy_RFP_3_03_256	1	147	4.79386385426654e-05	0.8	437.209723065122
Cytoplasm_Texture_SumVariance_GFP_3_00_256	1	147	4.79386385426654e-05	0.8	596.903044314246
Cytoplasm_Texture_SumVariance_GFP_3_01_256	1	147	4.79386385426654e-05	0.8	573.6110723872
Cytoplasm_Texture_SumVariance_GFP_3_02_256	1	147	4.79386385426654e-05	0.8	591.119281496665
Cytoplasm_Texture_SumVariance_GFP_3_03_256	1	147	4.79386385426654e-05	0.8	563.629767154079
Cytoplasm_Texture_SumVariance_RFP_3_00_256	1	147	4.79386385426654e-05	0.8	753.242438636075
Cytoplasm_Texture_SumVariance_RFP_3_01_256	1	147	4.79386385426654e-05	0.8	733.991048594385
Cytoplasm_Texture_SumVariance_RFP_3_02_256	1	147	4.79386385426654e-05	0.8	716.54878400801
Cytoplasm_Texture_SumVariance_RFP_3_03_256	1	147	4.79386385426654e-05	0.8	673.290283932095
Cytoplasm_Texture_Variance_GFP_3_00_256	1	147	4.79386385426654e-05	0.8	623.673678688417
Cytoplasm_Texture_Variance_GFP_3_01_256	1	147	4.79386385426654e-05	0.8	627.51809729263
Cytoplasm_Texture_Variance_GFP_3_02_256	1	147	4.79386385426654e-05	0.8	620.168621907417
Cytoplasm_Texture_Variance_GFP_3_03_256	1	147	4.79386385426654e-05	0.8	613.113703081997
Cytoplasm_Texture_Variance_RFP_3_00_256	1	147	4.79386385426654e-05	0.8	719.338557106699
Cytoplasm_Texture_Variance_RFP_3_01_256	1	147	4.79386385426654e-05	0.8	750.188012417211
Cytoplasm_Texture_Variance_RFP_3_02_256	1	147	4.79386385426654e-05	0.8	754.281404539132
Cytoplasm_Texture_Variance_RFP_3_03_256	1	147	4.79386385426654e-05	0.8	733.421650856287
Cells_AreaShape_Area	1	147	4.79386385426654e-05	0.8	59.3735471151298
Cells_AreaShape_BoundingBoxArea	1	147	4.79386385426654e-05	0.8	127.52924923438
Cells_AreaShape_BoundingBoxMaximum_X	1	147	4.79386385426654e-05	0.8	2871.24963895602
Cells_AreaShape_BoundingBoxMaximum_Y	1	147	4.79386385426654e-05	0.8	14278.4471735682
Cells_AreaShape_BoundingBoxMinimum_X	1	147	4.79386385426654e-05	0.8	4051.10195794731
Cells_AreaShape_BoundingBoxMinimum_Y	1	147	4.79386385426654e-05	0.8	665.898930162637
Cells_AreaShape_Center_X	1	147	4.79386385426654e-05	0.8	4919.76729186579
Cells_AreaShape_Center_Y	1	147	4.79386385426654e-05	0.8	2861.19736491055
Cells_AreaShape_Compactness	1	147	4.79386385426654e-05	0.8	3199.55791095529
Cells_AreaShape_ConvexArea	1	147	4.79386385426654e-05	0.8	100.31064738974
Cells_AreaShape_Eccentricity	1	147	4.79386385426654e-05	0.8	3067.45837349828
Cells_AreaShape_EquivalentDiameter	1	147	4.79386385426654e-05	0.8	61.7986975895438
Cells_AreaShape_EulerNumber	1	147	4.79386385426654e-05	0.8	1117.82757869232
Cells_AreaShape_Extent	1	147	4.79386385426654e-05	0.8	4318.25013529398
Cells_AreaShape_FormFactor	1	147	4.79386385426654e-05	0.8	3606.0677566513
Cells_AreaShape_MajorAxisLength	1	147	4.79386385426654e-05	0.8	212.970038028679
Cells_AreaShape_MaxFeretDiameter	1	147	4.79386385426654e-05	0.8	167.662073041055
Cells_AreaShape_MaximumRadius	1	147	4.79386385426654e-05	0.8	68.5192540571375
Cells_AreaShape_MeanRadius	1	147	4.79386385426654e-05	0.8	65.142098262418
Cells_AreaShape_MedianRadius	1	147	4.79386385426654e-05	0.8	80.8744569266735
Cells_AreaShape_MinFeretDiameter	1	147	4.79386385426654e-05	0.8	132.362023690687
Cells_AreaShape_MinorAxisLength	1	147	4.79386385426654e-05	0.8	111.415525434754
Cells_AreaShape_Orientation	1	147	4.79386385426654e-05	0.8	1231.5349040419
Cells_AreaShape_Perimeter	1	147	4.79386385426654e-05	0.8	193.228068565976
Cells_AreaShape_Solidity	1	147	4.79386385426654e-05	0.8	3463.94521019
Cells_AreaShape_Zernike_0_0	1	147	4.79386385426654e-05	0.8	58298.0069102255
Cells_AreaShape_Zernike_1_1	1	147	4.79386385426654e-05	0.8	87934.0499019858
Cells_AreaShape_Zernike_2_0	1	147	4.79386385426654e-05	0.8	69807.2092052079
Cells_AreaShape_Zernike_2_2	1	147	4.79386385426654e-05	0.8	2426.83807839704
Cells_AreaShape_Zernike_3_1	1	147	4.79386385426654e-05	0.8	6599.67200379911
Cells_AreaShape_Zernike_3_3	1	147	4.79386385426654e-05	0.8	2277.88152695712
Cells_AreaShape_Zernike_4_0	1	147	4.79386385426654e-05	0.8	7528.1929047983
Cells_AreaShape_Zernike_4_2	1	147	4.79386385426654e-05	0.8	9021.28242742323
Cells_AreaShape_Zernike_4_4	1	147	4.79386385426654e-05	0.8	706.79594407061
Cells_AreaShape_Zernike_5_1	1	147	4.79386385426654e-05	0.8	5338.59097398278
Cells_AreaShape_Zernike_5_3	1	147	4.79386385426654e-05	0.8	977.664274150742
Cells_AreaShape_Zernike_5_5	1	147	4.79386385426654e-05	0.8	1699.82707727759
Cells_AreaShape_Zernike_6_0	1	147	4.79386385426654e-05	0.8	2919.7178826697
Cells_AreaShape_Zernike_6_2	1	147	4.79386385426654e-05	0.8	14992.340718874
Cells_AreaShape_Zernike_6_4	1	147	4.79386385426654e-05	0.8	1094.71515789298
Cells_AreaShape_Zernike_6_6	1	147	4.79386385426654e-05	0.8	2925.04932607103
Cells_AreaShape_Zernike_7_1	1	147	4.79386385426654e-05	0.8	49412.7348759379
Cells_AreaShape_Zernike_7_3	1	147	4.79386385426654e-05	0.8	1193.41701342775
Cells_AreaShape_Zernike_7_5	1	147	4.79386385426654e-05	0.8	650.985774425562
Cells_AreaShape_Zernike_7_7	1	147	4.79386385426654e-05	0.8	31066.6590967422
Cells_AreaShape_Zernike_8_0	1	147	4.79386385426654e-05	0.8	3437.78502406705
Cells_AreaShape_Zernike_8_2	1	147	4.79386385426654e-05	0.8	16436.9209969027
Cells_AreaShape_Zernike_8_4	1	147	4.79386385426654e-05	0.8	604.298660753992
Cells_AreaShape_Zernike_8_6	1	147	4.79386385426654e-05	0.8	3376.59179984787
Cells_AreaShape_Zernike_8_8	1	147	4.79386385426654e-05	0.8	13497.3637455854
Cells_AreaShape_Zernike_9_1	1	147	4.79386385426654e-05	0.8	1202.72419653434
Cells_AreaShape_Zernike_9_3	1	147	4.79386385426654e-05	0.8	1375.09556377464
Cells_AreaShape_Zernike_9_5	1	147	4.79386385426654e-05	0.8	1489.69133888404
Cells_AreaShape_Zernike_9_7	1	147	4.79386385426654e-05	0.8	4263.20664431447
Cells_AreaShape_Zernike_9_9	1	147	4.79386385426654e-05	0.8	109595.92121234
Cells_Children_Cytoplasm_Count	1	147	4.79386385426654e-05	Cells_Children_Cytoplasm_Count	1
Cells_Correlation_Correlation_DAPI_GFP	1	147	4.79386385426654e-05	0.8	332.391117141035
Cells_Correlation_Correlation_DAPI_RFP	1	147	4.79386385426654e-05	0.8	795.424376595673
Cells_Correlation_Correlation_GFP_RFP	1	147	4.79386385426654e-05	0.8	346.000115867005
Cells_Correlation_Costes_DAPI_GFP	1	147	4.79386385426654e-05	0.8	148.145454883636
Cells_Correlation_Costes_DAPI_RFP	1	147	4.79386385426654e-05	0.8	17936.6884686942
Cells_Correlation_Costes_GFP_DAPI	1	147	4.79386385426654e-05	0.8	367.876710644225
Cells_Correlation_Costes_GFP_RFP	1	147	4.79386385426654e-05	0.8	1222.2221836142
Cells_Correlation_Costes_RFP_DAPI	1	147	4.79386385426654e-05	0.8	139.750786695663
Cells_Correlation_Costes_RFP_GFP	1	147	4.79386385426654e-05	Cells_Correlation_Costes_RFP_GFP	1
Cells_Correlation_K_DAPI_GFP	1	147	4.79386385426654e-05	0.8	137.772816042917
Cells_Correlation_K_DAPI_RFP	1	147	4.79386385426654e-05	0.8	96.6064959727961
Cells_Correlation_K_GFP_DAPI	1	147	4.79386385426654e-05	0.8	101.260575997645
Cells_Correlation_K_GFP_RFP	1	147	4.79386385426654e-05	0.8	742.247412391208
Cells_Correlation_K_RFP_DAPI	1	147	4.79386385426654e-05	0.8	101.153159489158
Cells_Correlation_K_RFP_GFP	1	147	4.79386385426654e-05	0.8	1305.52822138678
Cells_Correlation_Manders_DAPI_GFP	1	147	4.79386385426654e-05	0.8	1526.77835555563
Cells_Correlation_Manders_DAPI_RFP	1	147	4.79386385426654e-05	0.8	1521.58367717607
Cells_Correlation_Manders_GFP_DAPI	1	147	4.79386385426654e-05	0.8	896.910408720704
Cells_Correlation_Manders_GFP_RFP	1	147	4.79386385426654e-05	0.8	1374.81004901959
Cells_Correlation_Manders_RFP_DAPI	1	147	4.79386385426654e-05	0.8	232.623626643373
Cells_Correlation_Manders_RFP_GFP	1	147	4.79386385426654e-05	0.8	88.4063135006491
Cells_Correlation_Overlap_DAPI_GFP	1	147	4.79386385426654e-05	0.8	19394.471692507
Cells_Correlation_Overlap_DAPI_RFP	1	147	4.79386385426654e-05	0.8	949.432710349847
Cells_Correlation_Overlap_GFP_RFP	1	147	4.79386385426654e-05	0.8	534.913845623217
Cells_Correlation_RWC_DAPI_GFP	1	147	4.79386385426654e-05	0.8	43.7947950942687
Cells_Correlation_RWC_DAPI_RFP	1	147	4.79386385426654e-05	0.8	31.0023423928239
Cells_Correlation_RWC_GFP_DAPI	1	147	4.79386385426654e-05	0.8	1905.49729181027
Cells_Correlation_RWC_GFP_RFP	1	147	4.79386385426654e-05	0.8	437.19703296199
Cells_Correlation_RWC_RFP_DAPI	1	147	4.79386385426654e-05	0.8	688.751732579118
Cells_Correlation_RWC_RFP_GFP	1	147	4.79386385426654e-05	0.8	88.4927809892965
Cells_Granularity_10_DAPI	1	147	4.79386385426654e-05	0.8	664.461218470197
Cells_Granularity_10_GFP	1	147	4.79386385426654e-05	0.8	743.283395902411
Cells_Granularity_10_RFP	1	147	4.79386385426654e-05	0.8	3423.63270726766
Cells_Granularity_11_DAPI	1	147	4.79386385426654e-05	0.8	2062.04843920418
Cells_Granularity_11_GFP	1	147	4.79386385426654e-05	0.8	4305.41939330676
Cells_Granularity_11_RFP	1	147	4.79386385426654e-05	0.8	3161.33804784485
Cells_Granularity_12_DAPI	1	147	4.79386385426654e-05	0.8	1455.93260547334
Cells_Granularity_12_GFP	1	147	4.79386385426654e-05	0.8	2578.92782413885
Cells_Granularity_12_RFP	1	147	4.79386385426654e-05	0.8	1632.47695884762
Cells_Granularity_13_DAPI	1	147	4.79386385426654e-05	0.8	3772.2746453637
Cells_Granularity_13_GFP	1	147	4.79386385426654e-05	0.8	1041.24411606394
Cells_Granularity_13_RFP	1	147	4.79386385426654e-05	0.8	1896.64946922241
Cells_Granularity_14_DAPI	1	147	4.79386385426654e-05	0.8	871.577040046293
Cells_Granularity_14_GFP	1	147	4.79386385426654e-05	0.8	9320.10104246135
Cells_Granularity_14_RFP	1	147	4.79386385426654e-05	0.8	1473.15445925708
Cells_Granularity_15_DAPI	1	147	4.79386385426654e-05	0.8	746.790215848748
Cells_Granularity_15_GFP	1	147	4.79386385426654e-05	0.8	3407.36675027378
Cells_Granularity_15_RFP	1	147	4.79386385426654e-05	0.8	2692.88876299127
Cells_Granularity_16_DAPI	1	147	4.79386385426654e-05	0.8	662.547133479767
Cells_Granularity_16_GFP	1	147	4.79386385426654e-05	0.8	549.645925071948
Cells_Granularity_16_RFP	1	147	4.79386385426654e-05	0.8	1081.19943679935
Cells_Granularity_1_DAPI	1	147	4.79386385426654e-05	0.8	37.644354532052
Cells_Granularity_1_GFP	1	147	4.79386385426654e-05	0.8	196.299114784042
Cells_Granularity_1_RFP	1	147	4.79386385426654e-05	0.8	54.1675713893708
Cells_Granularity_2_DAPI	1	147	4.79386385426654e-05	0.8	61.6220444990314
Cells_Granularity_2_GFP	1	147	4.79386385426654e-05	0.8	261.979587556251
Cells_Granularity_2_RFP	1	147	4.79386385426654e-05	0.8	252.095455617063
Cells_Granularity_3_DAPI	1	147	4.79386385426654e-05	0.8	128.102631405806
Cells_Granularity_3_GFP	1	147	4.79386385426654e-05	0.8	213.648314702563
Cells_Granularity_3_RFP	1	147	4.79386385426654e-05	0.8	269.253468771693
Cells_Granularity_4_DAPI	1	147	4.79386385426654e-05	0.8	4020.48920628746
Cells_Granularity_4_GFP	1	147	4.79386385426654e-05	0.8	553.544482460333
Cells_Granularity_4_RFP	1	147	4.79386385426654e-05	0.8	542.427678205355
Cells_Granularity_5_DAPI	1	147	4.79386385426654e-05	0.8	964.456049007267
Cells_Granularity_5_GFP	1	147	4.79386385426654e-05	0.8	609.099964803255
Cells_Granularity_5_RFP	1	147	4.79386385426654e-05	0.8	1540.57933157526
Cells_Granularity_6_DAPI	1	147	4.79386385426654e-05	0.8	866.149134064176
Cells_Granularity_6_GFP	1	147	4.79386385426654e-05	0.8	614.854628445574
Cells_Granularity_6_RFP	1	147	4.79386385426654e-05	0.8	1970.98830084017
Cells_Granularity_7_DAPI	1	147	4.79386385426654e-05	0.8	215.546690098446
Cells_Granularity_7_GFP	1	147	4.79386385426654e-05	0.8	23392.9982328688
Cells_Granularity_7_RFP	1	147	4.79386385426654e-05	0.8	697.720263062072
Cells_Granularity_8_DAPI	1	147	4.79386385426654e-05	0.8	586.550286108608
Cells_Granularity_8_GFP	1	147	4.79386385426654e-05	0.8	696.06795447089
Cells_Granularity_8_RFP	1	147	4.79386385426654e-05	0.8	1469.90307796119
Cells_Granularity_9_DAPI	1	147	4.79386385426654e-05	0.8	971.582906917679
Cells_Granularity_9_GFP	1	147	4.79386385426654e-05	0.8	2636.43926405254
Cells_Granularity_9_RFP	1	147	4.79386385426654e-05	0.8	827.571051410709
Cells_Intensity_IntegratedIntensityEdge_DAPI	1	147	4.79386385426654e-05	0.8	373.90857451718
Cells_Intensity_IntegratedIntensityEdge_GFP	1	147	4.79386385426654e-05	0.8	1159.56110762313
Cells_Intensity_IntegratedIntensityEdge_RFP	1	147	4.79386385426654e-05	0.8	154.667796631047
Cells_Intensity_IntegratedIntensity_DAPI	1	147	4.79386385426654e-05	0.8	426.470607138587
Cells_Intensity_IntegratedIntensity_GFP	1	147	4.79386385426654e-05	0.8	59.7578547286413
Cells_Intensity_IntegratedIntensity_RFP	1	147	4.79386385426654e-05	0.8	86.3724060924629
Cells_Intensity_LowerQuartileIntensity_DAPI	1	147	4.79386385426654e-05	0.8	317.62543022118
Cells_Intensity_LowerQuartileIntensity_GFP	1	147	4.79386385426654e-05	0.8	245.429773268073
Cells_Intensity_LowerQuartileIntensity_RFP	1	147	4.79386385426654e-05	0.8	210.767209248839
Cells_Intensity_MADIntensity_DAPI	1	147	4.79386385426654e-05	0.8	447.510972141813
Cells_Intensity_MADIntensity_GFP	1	147	4.79386385426654e-05	0.8	368.972978487186
Cells_Intensity_MADIntensity_RFP	1	147	4.79386385426654e-05	0.8	983.146636330044
Cells_Intensity_MassDisplacement_DAPI	1	147	4.79386385426654e-05	0.8	512.42365885669
Cells_Intensity_MassDisplacement_GFP	1	147	4.79386385426654e-05	0.8	414.841417167251
Cells_Intensity_MassDisplacement_RFP	1	147	4.79386385426654e-05	0.8	560.910077868679
Cells_Intensity_MaxIntensityEdge_DAPI	1	147	4.79386385426654e-05	0.8	167.867515258669
Cells_Intensity_MaxIntensityEdge_GFP	1	147	4.79386385426654e-05	0.8	257.317177652731
Cells_Intensity_MaxIntensityEdge_RFP	1	147	4.79386385426654e-05	0.8	178.316911179616
Cells_Intensity_MaxIntensity_DAPI	1	147	4.79386385426654e-05	0.8	44.2444815175328
Cells_Intensity_MaxIntensity_GFP	1	147	4.79386385426654e-05	0.8	345.398865762022
Cells_Intensity_MaxIntensity_RFP	1	147	4.79386385426654e-05	0.8	289.918812703884
Cells_Intensity_MeanIntensityEdge_DAPI	1	147	4.79386385426654e-05	0.8	104.627723463289
Cells_Intensity_MeanIntensityEdge_GFP	1	147	4.79386385426654e-05	0.8	437.750261664822
Cells_Intensity_MeanIntensityEdge_RFP	1	147	4.79386385426654e-05	0.8	191.251549203152
Cells_Intensity_MeanIntensity_DAPI	1	147	4.79386385426654e-05	0.8	43.5874911472155
Cells_Intensity_MeanIntensity_GFP	1	147	4.79386385426654e-05	0.8	397.33181859558
Cells_Intensity_MeanIntensity_RFP	1	147	4.79386385426654e-05	0.8	277.531996016203
Cells_Intensity_MedianIntensity_DAPI	1	147	4.79386385426654e-05	0.8	836.795867549948
Cells_Intensity_MedianIntensity_GFP	1	147	4.79386385426654e-05	0.8	207.391184438272
Cells_Intensity_MedianIntensity_RFP	1	147	4.79386385426654e-05	0.8	262.216406438395
Cells_Intensity_MinIntensityEdge_DAPI	1	147	4.79386385426654e-05	0.8	24.3175816603954
Cells_Intensity_MinIntensityEdge_GFP	1	147	4.79386385426654e-05	0.8	948.349647627498
Cells_Intensity_MinIntensityEdge_RFP	1	147	4.79386385426654e-05	0.8	199.378785687898
Cells_Intensity_MinIntensity_DAPI	1	147	4.79386385426654e-05	0.8	22.7107932689591
Cells_Intensity_MinIntensity_GFP	1	147	4.79386385426654e-05	0.8	931.225002119774
Cells_Intensity_MinIntensity_RFP	1	147	4.79386385426654e-05	0.8	251.455708318451
Cells_Intensity_StdIntensityEdge_DAPI	1	147	4.79386385426654e-05	0.8	191.118326021896
Cells_Intensity_StdIntensityEdge_GFP	1	147	4.79386385426654e-05	0.8	844.464145562528
Cells_Intensity_StdIntensityEdge_RFP	1	147	4.79386385426654e-05	0.8	207.008001413437
Cells_Intensity_StdIntensity_DAPI	1	147	4.79386385426654e-05	0.8	20.6234191204318
Cells_Intensity_StdIntensity_GFP	1	147	4.79386385426654e-05	0.8	420.546896459417
Cells_Intensity_StdIntensity_RFP	1	147	4.79386385426654e-05	0.8	986.001167605976
Cells_Intensity_UpperQuartileIntensity_DAPI	1	147	4.79386385426654e-05	0.8	126.717229898851
Cells_Intensity_UpperQuartileIntensity_GFP	1	147	4.79386385426654e-05	0.8	495.042169760003
Cells_Intensity_UpperQuartileIntensity_RFP	1	147	4.79386385426654e-05	0.8	302.440050223849
Cells_Location_CenterMassIntensity_X_DAPI	1	147	4.79386385426654e-05	0.8	4628.0731096443
Cells_Location_CenterMassIntensity_X_GFP	1	147	4.79386385426654e-05	0.8	4115.40738282525
Cells_Location_CenterMassIntensity_X_RFP	1	147	4.79386385426654e-05	0.8	4875.70183240619
Cells_Location_CenterMassIntensity_Y_DAPI	1	147	4.79386385426654e-05	0.8	2730.30171484411
Cells_Location_CenterMassIntensity_Y_GFP	1	147	4.79386385426654e-05	0.8	2959.76123773772
Cells_Location_CenterMassIntensity_Y_RFP	1	147	4.79386385426654e-05	0.8	2984.50837231457
Cells_Location_CenterMassIntensity_Z_DAPI	1	147	4.79386385426654e-05	Cells_Location_CenterMassIntensity_Z_DAPI	1
Cells_Location_CenterMassIntensity_Z_GFP	1	147	4.79386385426654e-05	Cells_Location_CenterMassIntensity_Z_GFP	1
Cells_Location_CenterMassIntensity_Z_RFP	1	147	4.79386385426654e-05	Cells_Location_CenterMassIntensity_Z_RFP	1
Cells_Location_Center_X	1	147	4.79386385426654e-05	0.8	4919.76729186579
Cells_Location_Center_Y	1	147	4.79386385426654e-05	0.8	2861.19736491055
Cells_Location_Center_Z	1	147	4.79386385426654e-05	Cells_Location_Center_Z	1
Cells_Location_MaxIntensity_X_DAPI	1	147	4.79386385426654e-05	0.8	4224.27173668153
Cells_Location_MaxIntensity_X_GFP	1	147	4.79386385426654e-05	0.8	3596.32191249694
Cells_Location_MaxIntensity_X_RFP	1	147	4.79386385426654e-05	0.8	9220.07669287404
Cells_Location_MaxIntensity_Y_DAPI	1	147	4.79386385426654e-05	0.8	4141.5965491751
Cells_Location_MaxIntensity_Y_GFP	1	147	4.79386385426654e-05	0.8	2893.40317245812
Cells_Location_MaxIntensity_Y_RFP	1	147	4.79386385426654e-05	0.8	1707.19135755303
Cells_Location_MaxIntensity_Z_DAPI	1	147	4.79386385426654e-05	Cells_Location_MaxIntensity_Z_DAPI	1
Cells_Location_MaxIntensity_Z_GFP	1	147	4.79386385426654e-05	Cells_Location_MaxIntensity_Z_GFP	1
Cells_Location_MaxIntensity_Z_RFP	1	147	4.79386385426654e-05	Cells_Location_MaxIntensity_Z_RFP	1
Cells_Neighbors_AngleBetweenNeighbors_50	1	147	4.79386385426654e-05	0.8	5474.45162043626
Cells_Neighbors_AngleBetweenNeighbors_Adjacent	1	147	4.79386385426654e-05	0.8	5474.45162043626
Cells_Neighbors_FirstClosestDistance_50	1	147	4.79386385426654e-05	0.8	95.1176924250864
Cells_Neighbors_FirstClosestDistance_Adjacent	1	147	4.79386385426654e-05	0.8	95.1176924250864
Cells_Neighbors_FirstClosestObjectNumber_50	1	147	4.79386385426654e-05	0.8	88.0832453315524
Cells_Neighbors_FirstClosestObjectNumber_Adjacent	1	147	4.79386385426654e-05	0.8	88.0832453315524
Cells_Neighbors_NumberOfNeighbors_50	1	147	4.79386385426654e-05	0.8	116.132015643186
Cells_Neighbors_NumberOfNeighbors_Adjacent	1	147	4.79386385426654e-05	0.8	75731.822457695
Cells_Neighbors_PercentTouching_50	1	147	4.79386385426654e-05	0.8	144.455770673383
Cells_Neighbors_PercentTouching_Adjacent	1	147	4.79386385426654e-05	0.8	170.216469294872
Cells_Neighbors_SecondClosestDistance_50	1	147	4.79386385426654e-05	0.8	38.3636968755073
Cells_Neighbors_SecondClosestDistance_Adjacent	1	147	4.79386385426654e-05	0.8	38.3636968755073
Cells_Neighbors_SecondClosestObjectNumber_50	1	147	4.79386385426654e-05	0.8	78.5699484936374
Cells_Neighbors_SecondClosestObjectNumber_Adjacent	1	147	4.79386385426654e-05	0.8	78.5699484936374
Cells_Parent_Nuclei	1	147	4.79386385426654e-05	0.8	62.0461740901187
Cells_Parent_OrigNuclei	1	147	4.79386385426654e-05	0.8	50.7010759215873
Cells_RadialDistribution_FracAtD_DAPI_1of4	1	147	4.79386385426654e-05	0.8	1492.4650836375
Cells_RadialDistribution_FracAtD_DAPI_2of4	1	147	4.79386385426654e-05	0.8	867.748738141346
Cells_RadialDistribution_FracAtD_DAPI_3of4	1	147	4.79386385426654e-05	0.8	327.346094090852
Cells_RadialDistribution_FracAtD_DAPI_4of4	1	147	4.79386385426654e-05	0.8	322.643904582132
Cells_RadialDistribution_FracAtD_GFP_1of4	1	147	4.79386385426654e-05	0.8	257.033455218684
Cells_RadialDistribution_FracAtD_GFP_2of4	1	147	4.79386385426654e-05	0.8	299.705060647499
Cells_RadialDistribution_FracAtD_GFP_3of4	1	147	4.79386385426654e-05	0.8	357.761361006052
Cells_RadialDistribution_FracAtD_GFP_4of4	1	147	4.79386385426654e-05	0.8	243.748167840631
Cells_RadialDistribution_FracAtD_RFP_1of4	1	147	4.79386385426654e-05	0.8	3106.29842728905
Cells_RadialDistribution_FracAtD_RFP_2of4	1	147	4.79386385426654e-05	0.8	5049.28788194118
Cells_RadialDistribution_FracAtD_RFP_3of4	1	147	4.79386385426654e-05	0.8	39175.0417189858
Cells_RadialDistribution_FracAtD_RFP_4of4	1	147	4.79386385426654e-05	0.8	48830.3074558479
Cells_RadialDistribution_MeanFrac_DAPI_1of4	1	147	4.79386385426654e-05	0.8	5102.5579134432
Cells_RadialDistribution_MeanFrac_DAPI_2of4	1	147	4.79386385426654e-05	0.8	2574.32968110362
Cells_RadialDistribution_MeanFrac_DAPI_3of4	1	147	4.79386385426654e-05	0.8	444.902136175715
Cells_RadialDistribution_MeanFrac_DAPI_4of4	1	147	4.79386385426654e-05	0.8	221.808665840643
Cells_RadialDistribution_MeanFrac_GFP_1of4	1	147	4.79386385426654e-05	0.8	232.445159386875
Cells_RadialDistribution_MeanFrac_GFP_2of4	1	147	4.79386385426654e-05	0.8	204.478590626744
Cells_RadialDistribution_MeanFrac_GFP_3of4	1	147	4.79386385426654e-05	0.8	227.560431326402
Cells_RadialDistribution_MeanFrac_GFP_4of4	1	147	4.79386385426654e-05	0.8	150.55544210647
Cells_RadialDistribution_MeanFrac_RFP_1of4	1	147	4.79386385426654e-05	0.8	954.555641633307
Cells_RadialDistribution_MeanFrac_RFP_2of4	1	147	4.79386385426654e-05	0.8	2428.2719785393
Cells_RadialDistribution_MeanFrac_RFP_3of4	1	147	4.79386385426654e-05	0.8	55881.7796237709
Cells_RadialDistribution_MeanFrac_RFP_4of4	1	147	4.79386385426654e-05	0.8	8220.26776805332
Cells_RadialDistribution_RadialCV_DAPI_1of4	1	147	4.79386385426654e-05	0.8	184.718269652126
Cells_RadialDistribution_RadialCV_DAPI_2of4	1	147	4.79386385426654e-05	0.8	219.589933429117
Cells_RadialDistribution_RadialCV_DAPI_3of4	1	147	4.79386385426654e-05	0.8	547.249446524609
Cells_RadialDistribution_RadialCV_DAPI_4of4	1	147	4.79386385426654e-05	0.8	555.738774670353
Cells_RadialDistribution_RadialCV_GFP_1of4	1	147	4.79386385426654e-05	0.8	687.698543319828
Cells_RadialDistribution_RadialCV_GFP_2of4	1	147	4.79386385426654e-05	0.8	474.2662010521
Cells_RadialDistribution_RadialCV_GFP_3of4	1	147	4.79386385426654e-05	0.8	277.266143598834
Cells_RadialDistribution_RadialCV_GFP_4of4	1	147	4.79386385426654e-05	0.8	277.592470079619
Cells_RadialDistribution_RadialCV_RFP_1of4	1	147	4.79386385426654e-05	0.8	10509.9423780474
Cells_RadialDistribution_RadialCV_RFP_2of4	1	147	4.79386385426654e-05	0.8	890.836818045827
Cells_RadialDistribution_RadialCV_RFP_3of4	1	147	4.79386385426654e-05	0.8	1291.24605046814
Cells_RadialDistribution_RadialCV_RFP_4of4	1	147	4.79386385426654e-05	0.8	1655.1448776999
Cells_Texture_AngularSecondMoment_GFP_3_00_256	1	147	4.79386385426654e-05	0.8	84.8339206025745
Cells_Texture_AngularSecondMoment_GFP_3_01_256	1	147	4.79386385426654e-05	0.8	85.7866961167059
Cells_Texture_AngularSecondMoment_GFP_3_02_256	1	147	4.79386385426654e-05	0.8	85.4636672445951
Cells_Texture_AngularSecondMoment_GFP_3_03_256	1	147	4.79386385426654e-05	0.8	84.1716725153913
Cells_Texture_AngularSecondMoment_RFP_3_00_256	1	147	4.79386385426654e-05	0.8	367.002562928671
Cells_Texture_AngularSecondMoment_RFP_3_01_256	1	147	4.79386385426654e-05	0.8	352.600890594881
Cells_Texture_AngularSecondMoment_RFP_3_02_256	1	147	4.79386385426654e-05	0.8	419.934330395821
Cells_Texture_AngularSecondMoment_RFP_3_03_256	1	147	4.79386385426654e-05	0.8	475.528677668934
Cells_Texture_Contrast_GFP_3_00_256	1	147	4.79386385426654e-05	0.8	2492.18401678013
Cells_Texture_Contrast_GFP_3_01_256	1	147	4.79386385426654e-05	0.8	2039.95021173642
Cells_Texture_Contrast_GFP_3_02_256	1	147	4.79386385426654e-05	0.8	1546.64862605961
Cells_Texture_Contrast_GFP_3_03_256	1	147	4.79386385426654e-05	0.8	1479.32436877232
Cells_Texture_Contrast_RFP_3_00_256	1	147	4.79386385426654e-05	0.8	539.76033236495
Cells_Texture_Contrast_RFP_3_01_256	1	147	4.79386385426654e-05	0.8	823.652414504496
Cells_Texture_Contrast_RFP_3_02_256	1	147	4.79386385426654e-05	0.8	1391.11562953352
Cells_Texture_Contrast_RFP_3_03_256	1	147	4.79386385426654e-05	0.8	1161.61025339768
Cells_Texture_Correlation_GFP_3_00_256	1	147	4.79386385426654e-05	0.8	150.113961634747
Cells_Texture_Correlation_GFP_3_01_256	1	147	4.79386385426654e-05	0.8	150.672500774327
Cells_Texture_Correlation_GFP_3_02_256	1	147	4.79386385426654e-05	0.8	125.980203679277
Cells_Texture_Correlation_GFP_3_03_256	1	147	4.79386385426654e-05	0.8	104.354374511118
Cells_Texture_Correlation_RFP_3_00_256	1	147	4.79386385426654e-05	0.8	602.983107326016
Cells_Texture_Correlation_RFP_3_01_256	1	147	4.79386385426654e-05	0.8	965.853177204352
Cells_Texture_Correlation_RFP_3_02_256	1	147	4.79386385426654e-05	0.8	760.44546344302
Cells_Texture_Correlation_RFP_3_03_256	1	147	4.79386385426654e-05	0.8	348.116350357279
Cells_Texture_DifferenceEntropy_GFP_3_00_256	1	147	4.79386385426654e-05	0.8	545.265391048721
Cells_Texture_DifferenceEntropy_GFP_3_01_256	1	147	4.79386385426654e-05	0.8	423.707636623406
Cells_Texture_DifferenceEntropy_GFP_3_02_256	1	147	4.79386385426654e-05	0.8	410.670957901339
Cells_Texture_DifferenceEntropy_GFP_3_03_256	1	147	4.79386385426654e-05	0.8	355.770343936021
Cells_Texture_DifferenceEntropy_RFP_3_00_256	1	147	4.79386385426654e-05	0.8	2141.51844812115
Cells_Texture_DifferenceEntropy_RFP_3_01_256	1	147	4.79386385426654e-05	0.8	2541.00897174926
Cells_Texture_DifferenceEntropy_RFP_3_02_256	1	147	4.79386385426654e-05	0.8	4531.83935869447
Cells_Texture_DifferenceEntropy_RFP_3_03_256	1	147	4.79386385426654e-05	0.8	3063.38787016147
Cells_Texture_DifferenceVariance_GFP_3_00_256	1	147	4.79386385426654e-05	0.8	634.879692889125
Cells_Texture_DifferenceVariance_GFP_3_01_256	1	147	4.79386385426654e-05	0.8	425.085944412578
Cells_Texture_DifferenceVariance_GFP_3_02_256	1	147	4.79386385426654e-05	0.8	556.619767877341
Cells_Texture_DifferenceVariance_GFP_3_03_256	1	147	4.79386385426654e-05	0.8	443.654744240674
Cells_Texture_DifferenceVariance_RFP_3_00_256	1	147	4.79386385426654e-05	0.8	552.101828052754
Cells_Texture_DifferenceVariance_RFP_3_01_256	1	147	4.79386385426654e-05	0.8	485.806796308321
Cells_Texture_DifferenceVariance_RFP_3_02_256	1	147	4.79386385426654e-05	0.8	672.015753374704
Cells_Texture_DifferenceVariance_RFP_3_03_256	1	147	4.79386385426654e-05	0.8	886.292758441237
Cells_Texture_Entropy_GFP_3_00_256	1	147	4.79386385426654e-05	0.8	228.345519522288
Cells_Texture_Entropy_GFP_3_01_256	1	147	4.79386385426654e-05	0.8	216.160420238263
Cells_Texture_Entropy_GFP_3_02_256	1	147	4.79386385426654e-05	0.8	213.514838242286
Cells_Texture_Entropy_GFP_3_03_256	1	147	4.79386385426654e-05	0.8	210.919354455533
Cells_Texture_Entropy_RFP_3_00_256	1	147	4.79386385426654e-05	0.8	906.208801629496
Cells_Texture_Entropy_RFP_3_01_256	1	147	4.79386385426654e-05	0.8	868.047975037024
Cells_Texture_Entropy_RFP_3_02_256	1	147	4.79386385426654e-05	0.8	1035.40871467853
Cells_Texture_Entropy_RFP_3_03_256	1	147	4.79386385426654e-05	0.8	1082.02978152501
Cells_Texture_InfoMeas1_GFP_3_00_256	1	147	4.79386385426654e-05	0.8	502.573513158802
Cells_Texture_InfoMeas1_GFP_3_01_256	1	147	4.79386385426654e-05	0.8	463.914406998859
Cells_Texture_InfoMeas1_GFP_3_02_256	1	147	4.79386385426654e-05	0.8	264.356489320535
Cells_Texture_InfoMeas1_GFP_3_03_256	1	147	4.79386385426654e-05	0.8	225.101231945893
Cells_Texture_InfoMeas1_RFP_3_00_256	1	147	4.79386385426654e-05	0.8	1789.25107364593
Cells_Texture_InfoMeas1_RFP_3_01_256	1	147	4.79386385426654e-05	0.8	2168.17129760522
Cells_Texture_InfoMeas1_RFP_3_02_256	1	147	4.79386385426654e-05	0.8	899.329547770952
Cells_Texture_InfoMeas1_RFP_3_03_256	1	147	4.79386385426654e-05	0.8	381.080892329212
Cells_Texture_InfoMeas2_GFP_3_00_256	1	147	4.79386385426654e-05	0.8	334.839042037916
Cells_Texture_InfoMeas2_GFP_3_01_256	1	147	4.79386385426654e-05	0.8	350.061102915219
Cells_Texture_InfoMeas2_GFP_3_02_256	1	147	4.79386385426654e-05	0.8	243.713136039273
Cells_Texture_InfoMeas2_GFP_3_03_256	1	147	4.79386385426654e-05	0.8	208.666569133464
Cells_Texture_InfoMeas2_RFP_3_00_256	1	147	4.79386385426654e-05	0.8	507.166249047674
Cells_Texture_InfoMeas2_RFP_3_01_256	1	147	4.79386385426654e-05	0.8	770.800394562902
Cells_Texture_InfoMeas2_RFP_3_02_256	1	147	4.79386385426654e-05	0.8	458.40901539091
Cells_Texture_InfoMeas2_RFP_3_03_256	1	147	4.79386385426654e-05	0.8	335.443848398095
Cells_Texture_InverseDifferenceMoment_GFP_3_00_256	1	147	4.79386385426654e-05	0.8	159.953576373727
Cells_Texture_InverseDifferenceMoment_GFP_3_01_256	1	147	4.79386385426654e-05	0.8	137.909770668769
Cells_Texture_InverseDifferenceMoment_GFP_3_02_256	1	147	4.79386385426654e-05	0.8	134.281014692557
Cells_Texture_InverseDifferenceMoment_GFP_3_03_256	1	147	4.79386385426654e-05	0.8	116.591676720725
Cells_Texture_InverseDifferenceMoment_RFP_3_00_256	1	147	4.79386385426654e-05	0.8	2681.00968011288
Cells_Texture_InverseDifferenceMoment_RFP_3_01_256	1	147	4.79386385426654e-05	0.8	1601.36862397608
Cells_Texture_InverseDifferenceMoment_RFP_3_02_256	1	147	4.79386385426654e-05	0.8	3738.2257832842
Cells_Texture_InverseDifferenceMoment_RFP_3_03_256	1	147	4.79386385426654e-05	0.8	22534.8772648914
Cells_Texture_SumAverage_GFP_3_00_256	1	147	4.79386385426654e-05	0.8	401.818412617712
Cells_Texture_SumAverage_GFP_3_01_256	1	147	4.79386385426654e-05	0.8	408.271944585395
Cells_Texture_SumAverage_GFP_3_02_256	1	147	4.79386385426654e-05	0.8	401.92471351452
Cells_Texture_SumAverage_GFP_3_03_256	1	147	4.79386385426654e-05	0.8	406.535066607593
Cells_Texture_SumAverage_RFP_3_00_256	1	147	4.79386385426654e-05	0.8	289.510199479456
Cells_Texture_SumAverage_RFP_3_01_256	1	147	4.79386385426654e-05	0.8	294.434874447196
Cells_Texture_SumAverage_RFP_3_02_256	1	147	4.79386385426654e-05	0.8	291.883517838439
Cells_Texture_SumAverage_RFP_3_03_256	1	147	4.79386385426654e-05	0.8	296.130921146364
Cells_Texture_SumEntropy_GFP_3_00_256	1	147	4.79386385426654e-05	0.8	215.291894929921
Cells_Texture_SumEntropy_GFP_3_01_256	1	147	4.79386385426654e-05	0.8	226.45573581779
Cells_Texture_SumEntropy_GFP_3_02_256	1	147	4.79386385426654e-05	0.8	218.315658181822
Cells_Texture_SumEntropy_GFP_3_03_256	1	147	4.79386385426654e-05	0.8	224.082430564152
Cells_Texture_SumEntropy_RFP_3_00_256	1	147	4.79386385426654e-05	0.8	613.658723656332
Cells_Texture_SumEntropy_RFP_3_01_256	1	147	4.79386385426654e-05	0.8	602.429860187094
Cells_Texture_SumEntropy_RFP_3_02_256	1	147	4.79386385426654e-05	0.8	591.364576361339
Cells_Texture_SumEntropy_RFP_3_03_256	1	147	4.79386385426654e-05	0.8	584.038126572578
Cells_Texture_SumVariance_GFP_3_00_256	1	147	4.79386385426654e-05	0.8	857.209052660248
Cells_Texture_SumVariance_GFP_3_01_256	1	147	4.79386385426654e-05	0.8	820.697156371318
Cells_Texture_SumVariance_GFP_3_02_256	1	147	4.79386385426654e-05	0.8	861.446483768394
Cells_Texture_SumVariance_GFP_3_03_256	1	147	4.79386385426654e-05	0.8	803.373483676825
Cells_Texture_SumVariance_RFP_3_00_256	1	147	4.79386385426654e-05	0.8	1586.371214033
Cells_Texture_SumVariance_RFP_3_01_256	1	147	4.79386385426654e-05	0.8	1695.24327353263
Cells_Texture_SumVariance_RFP_3_02_256	1	147	4.79386385426654e-05	0.8	1426.76048462944
Cells_Texture_SumVariance_RFP_3_03_256	1	147	4.79386385426654e-05	0.8	1462.89730806862
Cells_Texture_Variance_GFP_3_00_256	1	147	4.79386385426654e-05	0.8	898.045236427021
Cells_Texture_Variance_GFP_3_01_256	1	147	4.79386385426654e-05	0.8	886.489069010395
Cells_Texture_Variance_GFP_3_02_256	1	147	4.79386385426654e-05	0.8	899.951227292269
Cells_Texture_Variance_GFP_3_03_256	1	147	4.79386385426654e-05	0.8	882.82140837341
Cells_Texture_Variance_RFP_3_00_256	1	147	4.79386385426654e-05	0.8	1351.60563420434
Cells_Texture_Variance_RFP_3_01_256	1	147	4.79386385426654e-05	0.8	1393.84682578011
Cells_Texture_Variance_RFP_3_02_256	1	147	4.79386385426654e-05	0.8	1359.34456203288
Cells_Texture_Variance_RFP_3_03_256	1	147	4.79386385426654e-05	0.8	1385.07543426519
Nuclei_AreaShape_Area	1	147	4.79386385426654e-05	0.8	209.815659639092
Nuclei_AreaShape_BoundingBoxArea	1	147	4.79386385426654e-05	0.8	161.768046211013
Nuclei_AreaShape_BoundingBoxMaximum_X	1	147	4.79386385426654e-05	0.8	9175.91944352749
Nuclei_AreaShape_BoundingBoxMaximum_Y	1	147	4.79386385426654e-05	0.8	1118.61316556572
Nuclei_AreaShape_BoundingBoxMinimum_X	1	147	4.79386385426654e-05	0.8	9315.84960405049
Nuclei_AreaShape_BoundingBoxMinimum_Y	1	147	4.79386385426654e-05	0.8	1351.29634352343
Nuclei_AreaShape_Center_X	1	147	4.79386385426654e-05	0.8	9245.18691456505
Nuclei_AreaShape_Center_Y	1	147	4.79386385426654e-05	0.8	1250.22218833317
Nuclei_AreaShape_Compactness	1	147	4.79386385426654e-05	0.8	198.515157748671
Nuclei_AreaShape_ConvexArea	1	147	4.79386385426654e-05	0.8	206.098887155975
Nuclei_AreaShape_Eccentricity	1	147	4.79386385426654e-05	0.8	206.428215275871
Nuclei_AreaShape_EquivalentDiameter	1	147	4.79386385426654e-05	0.8	229.581751061884
Nuclei_AreaShape_EulerNumber	1	147	4.79386385426654e-05	Nuclei_AreaShape_EulerNumber	1
Nuclei_AreaShape_Extent	1	147	4.79386385426654e-05	0.8	541.502724633834
Nuclei_AreaShape_FormFactor	1	147	4.79386385426654e-05	0.8	187.76370144202
Nuclei_AreaShape_MajorAxisLength	1	147	4.79386385426654e-05	0.8	97.7625379378137
Nuclei_AreaShape_MaxFeretDiameter	1	147	4.79386385426654e-05	0.8	104.704297859608
Nuclei_AreaShape_MaximumRadius	1	147	4.79386385426654e-05	0.8	2260.98849792689
Nuclei_AreaShape_MeanRadius	1	147	4.79386385426654e-05	0.8	563.410028146826
Nuclei_AreaShape_MedianRadius	1	147	4.79386385426654e-05	0.8	403.576857381949
Nuclei_AreaShape_MinFeretDiameter	1	147	4.79386385426654e-05	0.8	2114.27397410227
Nuclei_AreaShape_MinorAxisLength	1	147	4.79386385426654e-05	0.8	1939.38499104627
Nuclei_AreaShape_Orientation	1	147	4.79386385426654e-05	0.8	2333.67998573798
Nuclei_AreaShape_Perimeter	1	147	4.79386385426654e-05	0.8	162.584698123205
Nuclei_AreaShape_Solidity	1	147	4.79386385426654e-05	0.8	7676.77121103399
Nuclei_AreaShape_Zernike_0_0	1	147	4.79386385426654e-05	0.8	194.155909517957
Nuclei_AreaShape_Zernike_1_1	1	147	4.79386385426654e-05	0.8	4972.78614375468
Nuclei_AreaShape_Zernike_2_0	1	147	4.79386385426654e-05	0.8	280.746569548564
Nuclei_AreaShape_Zernike_2_2	1	147	4.79386385426654e-05	0.8	260.794679706725
Nuclei_AreaShape_Zernike_3_1	1	147	4.79386385426654e-05	0.8	4853.52418410492
Nuclei_AreaShape_Zernike_3_3	1	147	4.79386385426654e-05	0.8	3624.0528498131
Nuclei_AreaShape_Zernike_4_0	1	147	4.79386385426654e-05	0.8	234.869952875687
Nuclei_AreaShape_Zernike_4_2	1	147	4.79386385426654e-05	0.8	4374.04071062557
Nuclei_AreaShape_Zernike_4_4	1	147	4.79386385426654e-05	0.8	384.615840932978
Nuclei_AreaShape_Zernike_5_1	1	147	4.79386385426654e-05	0.8	111125.828474003
Nuclei_AreaShape_Zernike_5_3	1	147	4.79386385426654e-05	0.8	4655.23506926685
Nuclei_AreaShape_Zernike_5_5	1	147	4.79386385426654e-05	0.8	2113.48618823152
Nuclei_AreaShape_Zernike_6_0	1	147	4.79386385426654e-05	0.8	7320.45978667243
Nuclei_AreaShape_Zernike_6_2	1	147	4.79386385426654e-05	0.8	415.097096138557
Nuclei_AreaShape_Zernike_6_4	1	147	4.79386385426654e-05	0.8	1515.74166798512
Nuclei_AreaShape_Zernike_6_6	1	147	4.79386385426654e-05	0.8	329.84873509996
Nuclei_AreaShape_Zernike_7_1	1	147	4.79386385426654e-05	0.8	2734.1182418104
Nuclei_AreaShape_Zernike_7_3	1	147	4.79386385426654e-05	0.8	72360.6455113011
Nuclei_AreaShape_Zernike_7_5	1	147	4.79386385426654e-05	0.8	1427.76061032191
Nuclei_AreaShape_Zernike_7_7	1	147	4.79386385426654e-05	0.8	2288.00459805996
Nuclei_AreaShape_Zernike_8_0	1	147	4.79386385426654e-05	0.8	5120.72559076445
Nuclei_AreaShape_Zernike_8_2	1	147	4.79386385426654e-05	0.8	882.969924373727
Nuclei_AreaShape_Zernike_8_4	1	147	4.79386385426654e-05	0.8	328.986621443138
Nuclei_AreaShape_Zernike_8_6	1	147	4.79386385426654e-05	0.8	2134.53744134892
Nuclei_AreaShape_Zernike_8_8	1	147	4.79386385426654e-05	0.8	334.227890749502
Nuclei_AreaShape_Zernike_9_1	1	147	4.79386385426654e-05	0.8	1134.86103655622
Nuclei_AreaShape_Zernike_9_3	1	147	4.79386385426654e-05	0.8	11198.6733930519
Nuclei_AreaShape_Zernike_9_5	1	147	4.79386385426654e-05	0.8	6170.83624524343
Nuclei_AreaShape_Zernike_9_7	1	147	4.79386385426654e-05	0.8	5460.19594211462
Nuclei_AreaShape_Zernike_9_9	1	147	4.79386385426654e-05	0.8	2661.69000277731
Nuclei_Children_Cells_Count	1	147	4.79386385426654e-05	Nuclei_Children_Cells_Count	1
Nuclei_Correlation_Correlation_DAPI_GFP	1	147	4.79386385426654e-05	0.8	285.44017982952
Nuclei_Correlation_Correlation_DAPI_RFP	1	147	4.79386385426654e-05	0.8	2927.99686906153
Nuclei_Correlation_Correlation_GFP_RFP	1	147	4.79386385426654e-05	0.8	477.852172823864
Nuclei_Correlation_Costes_DAPI_GFP	1	147	4.79386385426654e-05	0.8	145.576042540378
Nuclei_Correlation_Costes_DAPI_RFP	1	147	4.79386385426654e-05	0.8	224.031622997768
Nuclei_Correlation_Costes_GFP_DAPI	1	147	4.79386385426654e-05	Nuclei_Correlation_Costes_GFP_DAPI	1
Nuclei_Correlation_Costes_GFP_RFP	1	147	4.79386385426654e-05	0.8	1774.09228743912
Nuclei_Correlation_Costes_RFP_DAPI	1	147	4.79386385426654e-05	Nuclei_Correlation_Costes_RFP_DAPI	1
Nuclei_Correlation_Costes_RFP_GFP	1	147	4.79386385426654e-05	Nuclei_Correlation_Costes_RFP_GFP	1
Nuclei_Correlation_K_DAPI_GFP	1	147	4.79386385426654e-05	0.8	106.125153369938
Nuclei_Correlation_K_DAPI_RFP	1	147	4.79386385426654e-05	0.8	83.3994791409153
Nuclei_Correlation_K_GFP_DAPI	1	147	4.79386385426654e-05	0.8	99.6536621995856
Nuclei_Correlation_K_GFP_RFP	1	147	4.79386385426654e-05	0.8	315.191928052536
Nuclei_Correlation_K_RFP_DAPI	1	147	4.79386385426654e-05	0.8	100.224970062728
Nuclei_Correlation_K_RFP_GFP	1	147	4.79386385426654e-05	0.8	1151.65864365385
Nuclei_Correlation_Manders_DAPI_GFP	1	147	4.79386385426654e-05	0.8	2038.35535267349
Nuclei_Correlation_Manders_DAPI_RFP	1	147	4.79386385426654e-05	0.8	8624.65828050706
Nuclei_Correlation_Manders_GFP_DAPI	1	147	4.79386385426654e-05	Nuclei_Correlation_Manders_GFP_DAPI	1
Nuclei_Correlation_Manders_GFP_RFP	1	147	4.79386385426654e-05	0.8	5082.15316293912
Nuclei_Correlation_Manders_RFP_DAPI	1	147	4.79386385426654e-05	Nuclei_Correlation_Manders_RFP_DAPI	1
Nuclei_Correlation_Manders_RFP_GFP	1	147	4.79386385426654e-05	0.8	1892.00649682162
Nuclei_Correlation_Overlap_DAPI_GFP	1	147	4.79386385426654e-05	0.8	1137.93352929955
Nuclei_Correlation_Overlap_DAPI_RFP	1	147	4.79386385426654e-05	0.8	1107.28984484273
Nuclei_Correlation_Overlap_GFP_RFP	1	147	4.79386385426654e-05	0.8	351.222538511451
Nuclei_Correlation_RWC_DAPI_GFP	1	147	4.79386385426654e-05	0.8	62.4678019110167
Nuclei_Correlation_RWC_DAPI_RFP	1	147	4.79386385426654e-05	0.8	30.7789095971034
Nuclei_Correlation_RWC_GFP_DAPI	1	147	4.79386385426654e-05	0.8	84.5598021739018
Nuclei_Correlation_RWC_GFP_RFP	1	147	4.79386385426654e-05	0.8	1290.91588298288
Nuclei_Correlation_RWC_RFP_DAPI	1	147	4.79386385426654e-05	0.8	32.4612406044198
Nuclei_Correlation_RWC_RFP_GFP	1	147	4.79386385426654e-05	0.8	1704.46036421516
Nuclei_Granularity_10_DAPI	1	147	4.79386385426654e-05	0.8	512.923428372145
Nuclei_Granularity_10_GFP	1	147	4.79386385426654e-05	0.8	576.495561784917
Nuclei_Granularity_10_RFP	1	147	4.79386385426654e-05	0.8	1562.67093981688
Nuclei_Granularity_11_DAPI	1	147	4.79386385426654e-05	0.8	1394.54642017571
Nuclei_Granularity_11_GFP	1	147	4.79386385426654e-05	0.8	3231.29323343061
Nuclei_Granularity_11_RFP	1	147	4.79386385426654e-05	0.8	1498.744879518
Nuclei_Granularity_12_DAPI	1	147	4.79386385426654e-05	0.8	6997.75842447396
Nuclei_Granularity_12_GFP	1	147	4.79386385426654e-05	0.8	4815.03812611474
Nuclei_Granularity_12_RFP	1	147	4.79386385426654e-05	0.8	2032.06181722492
Nuclei_Granularity_13_DAPI	1	147	4.79386385426654e-05	0.8	883.631262868622
Nuclei_Granularity_13_GFP	1	147	4.79386385426654e-05	0.8	691.464075761567
Nuclei_Granularity_13_RFP	1	147	4.79386385426654e-05	0.8	2478.24803358586
Nuclei_Granularity_14_DAPI	1	147	4.79386385426654e-05	0.8	1345.59899103007
Nuclei_Granularity_14_GFP	1	147	4.79386385426654e-05	0.8	498.423346068984
Nuclei_Granularity_14_RFP	1	147	4.79386385426654e-05	0.8	1499.36425076986
Nuclei_Granularity_15_DAPI	1	147	4.79386385426654e-05	0.8	493.139009789958
Nuclei_Granularity_15_GFP	1	147	4.79386385426654e-05	0.8	523.569365157918
Nuclei_Granularity_15_RFP	1	147	4.79386385426654e-05	0.8	892.195390787197
Nuclei_Granularity_16_DAPI	1	147	4.79386385426654e-05	0.8	2363.51815609698
Nuclei_Granularity_16_GFP	1	147	4.79386385426654e-05	0.8	14556.4356088145
Nuclei_Granularity_16_RFP	1	147	4.79386385426654e-05	0.8	759.447517165045
Nuclei_Granularity_1_DAPI	1	147	4.79386385426654e-05	0.8	61.9509359455043
Nuclei_Granularity_1_GFP	1	147	4.79386385426654e-05	0.8	273.068246408934
Nuclei_Granularity_1_RFP	1	147	4.79386385426654e-05	0.8	65.7879426574648
Nuclei_Granularity_2_DAPI	1	147	4.79386385426654e-05	0.8	51.6241257868666
Nuclei_Granularity_2_GFP	1	147	4.79386385426654e-05	0.8	904.274856055762
Nuclei_Granularity_2_RFP	1	147	4.79386385426654e-05	0.8	900.246683913345
Nuclei_Granularity_3_DAPI	1	147	4.79386385426654e-05	0.8	117.30519658311
Nuclei_Granularity_3_GFP	1	147	4.79386385426654e-05	0.8	2019.14827036763
Nuclei_Granularity_3_RFP	1	147	4.79386385426654e-05	0.8	798.824138506877
Nuclei_Granularity_4_DAPI	1	147	4.79386385426654e-05	0.8	3389.9788492678
Nuclei_Granularity_4_GFP	1	147	4.79386385426654e-05	0.8	1139.50253084331
Nuclei_Granularity_4_RFP	1	147	4.79386385426654e-05	0.8	1173.57824091106
Nuclei_Granularity_5_DAPI	1	147	4.79386385426654e-05	0.8	1470.80308113164
Nuclei_Granularity_5_GFP	1	147	4.79386385426654e-05	0.8	404.133092808957
Nuclei_Granularity_5_RFP	1	147	4.79386385426654e-05	0.8	384.064257598158
Nuclei_Granularity_6_DAPI	1	147	4.79386385426654e-05	0.8	523.343787663179
Nuclei_Granularity_6_GFP	1	147	4.79386385426654e-05	0.8	726.25923593177
Nuclei_Granularity_6_RFP	1	147	4.79386385426654e-05	0.8	911.813797188933
Nuclei_Granularity_7_DAPI	1	147	4.79386385426654e-05	0.8	1022.76774283241
Nuclei_Granularity_7_GFP	1	147	4.79386385426654e-05	0.8	1675.20307804611
Nuclei_Granularity_7_RFP	1	147	4.79386385426654e-05	0.8	2364.68020133416
Nuclei_Granularity_8_DAPI	1	147	4.79386385426654e-05	0.8	27734.1655429943
Nuclei_Granularity_8_GFP	1	147	4.79386385426654e-05	0.8	300.014524594355
Nuclei_Granularity_8_RFP	1	147	4.79386385426654e-05	0.8	767.328080733133
Nuclei_Granularity_9_DAPI	1	147	4.79386385426654e-05	0.8	437.981159170122
Nuclei_Granularity_9_GFP	1	147	4.79386385426654e-05	0.8	73556.4685896718
Nuclei_Granularity_9_RFP	1	147	4.79386385426654e-05	0.8	1133.84579509664
Nuclei_Intensity_IntegratedIntensityEdge_DAPI	1	147	4.79386385426654e-05	0.8	474.411064916732
Nuclei_Intensity_IntegratedIntensityEdge_GFP	1	147	4.79386385426654e-05	0.8	339.31603829035
Nuclei_Intensity_IntegratedIntensityEdge_RFP	1	147	4.79386385426654e-05	0.8	133.09414570399
Nuclei_Intensity_IntegratedIntensity_DAPI	1	147	4.79386385426654e-05	0.8	130.166667511369
Nuclei_Intensity_IntegratedIntensity_GFP	1	147	4.79386385426654e-05	0.8	446.895511798115
Nuclei_Intensity_IntegratedIntensity_RFP	1	147	4.79386385426654e-05	0.8	171.852148578572
Nuclei_Intensity_LowerQuartileIntensity_DAPI	1	147	4.79386385426654e-05	0.8	45.6843372116754
Nuclei_Intensity_LowerQuartileIntensity_GFP	1	147	4.79386385426654e-05	0.8	1260.56620439726
Nuclei_Intensity_LowerQuartileIntensity_RFP	1	147	4.79386385426654e-05	0.8	233.041101545348
Nuclei_Intensity_MADIntensity_DAPI	1	147	4.79386385426654e-05	0.8	65.2592787653632
Nuclei_Intensity_MADIntensity_GFP	1	147	4.79386385426654e-05	0.8	1780.75952871877
Nuclei_Intensity_MADIntensity_RFP	1	147	4.79386385426654e-05	0.8	1519.98789264739
Nuclei_Intensity_MassDisplacement_DAPI	1	147	4.79386385426654e-05	0.8	69.7271214484171
Nuclei_Intensity_MassDisplacement_GFP	1	147	4.79386385426654e-05	0.8	293.362085457431
Nuclei_Intensity_MassDisplacement_RFP	1	147	4.79386385426654e-05	0.8	10301.1291544344
Nuclei_Intensity_MaxIntensityEdge_DAPI	1	147	4.79386385426654e-05	0.8	166.327852045752
Nuclei_Intensity_MaxIntensityEdge_GFP	1	147	4.79386385426654e-05	0.8	1484.90587295503
Nuclei_Intensity_MaxIntensityEdge_RFP	1	147	4.79386385426654e-05	0.8	401.572455977779
Nuclei_Intensity_MaxIntensity_DAPI	1	147	4.79386385426654e-05	0.8	55.2097833728174
Nuclei_Intensity_MaxIntensity_GFP	1	147	4.79386385426654e-05	0.8	1659.99134044088
Nuclei_Intensity_MaxIntensity_RFP	1	147	4.79386385426654e-05	0.8	571.826790675203
Nuclei_Intensity_MeanIntensityEdge_DAPI	1	147	4.79386385426654e-05	0.8	104.264775540507
Nuclei_Intensity_MeanIntensityEdge_GFP	1	147	4.79386385426654e-05	0.8	1044.53332965614
Nuclei_Intensity_MeanIntensityEdge_RFP	1	147	4.79386385426654e-05	0.8	224.909946718677
Nuclei_Intensity_MeanIntensity_DAPI	1	147	4.79386385426654e-05	0.8	25.9435855107375
Nuclei_Intensity_MeanIntensity_GFP	1	147	4.79386385426654e-05	0.8	1335.25830104758
Nuclei_Intensity_MeanIntensity_RFP	1	147	4.79386385426654e-05	0.8	310.979058235835
Nuclei_Intensity_MedianIntensity_DAPI	1	147	4.79386385426654e-05	0.8	20.9946388335556
Nuclei_Intensity_MedianIntensity_GFP	1	147	4.79386385426654e-05	0.8	1315.05699980361
Nuclei_Intensity_MedianIntensity_RFP	1	147	4.79386385426654e-05	0.8	286.827269823834
Nuclei_Intensity_MinIntensityEdge_DAPI	1	147	4.79386385426654e-05	0.8	71.2696529688554
Nuclei_Intensity_MinIntensityEdge_GFP	1	147	4.79386385426654e-05	0.8	7256.77015614043
Nuclei_Intensity_MinIntensityEdge_RFP	1	147	4.79386385426654e-05	0.8	185.064577440543
Nuclei_Intensity_MinIntensity_DAPI	1	147	4.79386385426654e-05	0.8	71.2696529688554
Nuclei_Intensity_MinIntensity_GFP	1	147	4.79386385426654e-05	0.8	894.533062457897
Nuclei_Intensity_MinIntensity_RFP	1	147	4.79386385426654e-05	0.8	216.662633288487
Nuclei_Intensity_StdIntensityEdge_DAPI	1	147	4.79386385426654e-05	0.8	292.332509661047
Nuclei_Intensity_StdIntensityEdge_GFP	1	147	4.79386385426654e-05	0.8	900.428623262462
Nuclei_Intensity_StdIntensityEdge_RFP	1	147	4.79386385426654e-05	0.8	947.385844382808
Nuclei_Intensity_StdIntensity_DAPI	1	147	4.79386385426654e-05	0.8	41.1426760714158
Nuclei_Intensity_StdIntensity_GFP	1	147	4.79386385426654e-05	0.8	2520.14033508891
Nuclei_Intensity_StdIntensity_RFP	1	147	4.79386385426654e-05	0.8	1272.37886944794
Nuclei_Intensity_UpperQuartileIntensity_DAPI	1	147	4.79386385426654e-05	0.8	25.4190931114689
Nuclei_Intensity_UpperQuartileIntensity_GFP	1	147	4.79386385426654e-05	0.8	1532.05284455874
Nuclei_Intensity_UpperQuartileIntensity_RFP	1	147	4.79386385426654e-05	0.8	369.28797271954
Nuclei_Location_CenterMassIntensity_X_DAPI	1	147	4.79386385426654e-05	0.8	9244.70179769929
Nuclei_Location_CenterMassIntensity_X_GFP	1	147	4.79386385426654e-05	0.8	9101.89391336809
Nuclei_Location_CenterMassIntensity_X_RFP	1	147	4.79386385426654e-05	0.8	9055.57008056965
Nuclei_Location_CenterMassIntensity_Y_DAPI	1	147	4.79386385426654e-05	0.8	1250.31745580471
Nuclei_Location_CenterMassIntensity_Y_GFP	1	147	4.79386385426654e-05	0.8	1278.59752715074
Nuclei_Location_CenterMassIntensity_Y_RFP	1	147	4.79386385426654e-05	0.8	1278.19205208528
Nuclei_Location_CenterMassIntensity_Z_DAPI	1	147	4.79386385426654e-05	Nuclei_Location_CenterMassIntensity_Z_DAPI	1
Nuclei_Location_CenterMassIntensity_Z_GFP	1	147	4.79386385426654e-05	Nuclei_Location_CenterMassIntensity_Z_GFP	1
Nuclei_Location_CenterMassIntensity_Z_RFP	1	147	4.79386385426654e-05	Nuclei_Location_CenterMassIntensity_Z_RFP	1
Nuclei_Location_Center_X	1	147	4.79386385426654e-05	0.8	9245.18691456505
Nuclei_Location_Center_Y	1	147	4.79386385426654e-05	0.8	1250.22218833317
Nuclei_Location_Center_Z	1	147	4.79386385426654e-05	Nuclei_Location_Center_Z	1
Nuclei_Location_MaxIntensity_X_DAPI	1	147	4.79386385426654e-05	0.8	9665.09116939912
Nuclei_Location_MaxIntensity_X_GFP	1	147	4.79386385426654e-05	0.8	7762.99572051559
Nuclei_Location_MaxIntensity_X_RFP	1	147	4.79386385426654e-05	0.8	10076.1079524099
Nuclei_Location_MaxIntensity_Y_DAPI	1	147	4.79386385426654e-05	0.8	1286.85834519247
Nuclei_Location_MaxIntensity_Y_GFP	1	147	4.79386385426654e-05	0.8	1417.56384777984
Nuclei_Location_MaxIntensity_Y_RFP	1	147	4.79386385426654e-05	0.8	1936.82567948967
Nuclei_Location_MaxIntensity_Z_DAPI	1	147	4.79386385426654e-05	Nuclei_Location_MaxIntensity_Z_DAPI	1
Nuclei_Location_MaxIntensity_Z_GFP	1	147	4.79386385426654e-05	Nuclei_Location_MaxIntensity_Z_GFP	1
Nuclei_Location_MaxIntensity_Z_RFP	1	147	4.79386385426654e-05	Nuclei_Location_MaxIntensity_Z_RFP	1
Nuclei_Neighbors_AngleBetweenNeighbors_50	1	147	4.79386385426654e-05	0.8	299.752985608834
Nuclei_Neighbors_FirstClosestDistance_50	1	147	4.79386385426654e-05	0.8	68.5503577949923
Nuclei_Neighbors_FirstClosestObjectNumber_50	1	147	4.79386385426654e-05	0.8	42.2641300523663
Nuclei_Neighbors_NumberOfNeighbors_50	1	147	4.79386385426654e-05	0.8	240.540433105314
Nuclei_Neighbors_PercentTouching_50	1	147	4.79386385426654e-05	0.8	276.316754580981
Nuclei_Neighbors_SecondClosestDistance_50	1	147	4.79386385426654e-05	0.8	64.3871260653802
Nuclei_Neighbors_SecondClosestObjectNumber_50	1	147	4.79386385426654e-05	0.8	57.4108405270722
Nuclei_Parent_OrigNuclei	1	147	4.79386385426654e-05	0.8	58.1633540317508
Nuclei_RadialDistribution_FracAtD_DAPI_1of4	1	147	4.79386385426654e-05	0.8	2478.28998679296
Nuclei_RadialDistribution_FracAtD_DAPI_2of4	1	147	4.79386385426654e-05	0.8	14793.6148835076
Nuclei_RadialDistribution_FracAtD_DAPI_3of4	1	147	4.79386385426654e-05	0.8	346.846906480569
Nuclei_RadialDistribution_FracAtD_DAPI_4of4	1	147	4.79386385426654e-05	0.8	1022.39286097249
Nuclei_RadialDistribution_FracAtD_GFP_1of4	1	147	4.79386385426654e-05	0.8	1922.88786231213
Nuclei_RadialDistribution_FracAtD_GFP_2of4	1	147	4.79386385426654e-05	0.8	62804.5713405302
Nuclei_RadialDistribution_FracAtD_GFP_3of4	1	147	4.79386385426654e-05	0.8	899.755749118922
Nuclei_RadialDistribution_FracAtD_GFP_4of4	1	147	4.79386385426654e-05	0.8	4541.83648590418
Nuclei_RadialDistribution_FracAtD_RFP_1of4	1	147	4.79386385426654e-05	0.8	700.232066307209
Nuclei_RadialDistribution_FracAtD_RFP_2of4	1	147	4.79386385426654e-05	0.8	2137.13467712715
Nuclei_RadialDistribution_FracAtD_RFP_3of4	1	147	4.79386385426654e-05	0.8	1866.460656054
Nuclei_RadialDistribution_FracAtD_RFP_4of4	1	147	4.79386385426654e-05	0.8	1434.34310676642
Nuclei_RadialDistribution_MeanFrac_DAPI_1of4	1	147	4.79386385426654e-05	0.8	227.685625890141
Nuclei_RadialDistribution_MeanFrac_DAPI_2of4	1	147	4.79386385426654e-05	0.8	692.159418378026
Nuclei_RadialDistribution_MeanFrac_DAPI_3of4	1	147	4.79386385426654e-05	0.8	280.768502847414
Nuclei_RadialDistribution_MeanFrac_DAPI_4of4	1	147	4.79386385426654e-05	0.8	3288.71503376155
Nuclei_RadialDistribution_MeanFrac_GFP_1of4	1	147	4.79386385426654e-05	0.8	12891.5597332903
Nuclei_RadialDistribution_MeanFrac_GFP_2of4	1	147	4.79386385426654e-05	0.8	1798.12724023171
Nuclei_RadialDistribution_MeanFrac_GFP_3of4	1	147	4.79386385426654e-05	0.8	1028.31506103471
Nuclei_RadialDistribution_MeanFrac_GFP_4of4	1	147	4.79386385426654e-05	0.8	931.729706145876
Nuclei_RadialDistribution_MeanFrac_RFP_1of4	1	147	4.79386385426654e-05	0.8	402.54982952609
Nuclei_RadialDistribution_MeanFrac_RFP_2of4	1	147	4.79386385426654e-05	0.8	1035.73555108042
Nuclei_RadialDistribution_MeanFrac_RFP_3of4	1	147	4.79386385426654e-05	0.8	3217.45027682217
Nuclei_RadialDistribution_MeanFrac_RFP_4of4	1	147	4.79386385426654e-05	0.8	738.2354508063
Nuclei_RadialDistribution_RadialCV_DAPI_1of4	1	147	4.79386385426654e-05	0.8	63.5688468370618
Nuclei_RadialDistribution_RadialCV_DAPI_2of4	1	147	4.79386385426654e-05	0.8	36.9625080963248
Nuclei_RadialDistribution_RadialCV_DAPI_3of4	1	147	4.79386385426654e-05	0.8	34.3001101703666
Nuclei_RadialDistribution_RadialCV_DAPI_4of4	1	147	4.79386385426654e-05	0.8	564.197879823352
Nuclei_RadialDistribution_RadialCV_GFP_1of4	1	147	4.79386385426654e-05	0.8	12891.5830679525
Nuclei_RadialDistribution_RadialCV_GFP_2of4	1	147	4.79386385426654e-05	0.8	3585.29252327915
Nuclei_RadialDistribution_RadialCV_GFP_3of4	1	147	4.79386385426654e-05	0.8	764.031140785112
Nuclei_RadialDistribution_RadialCV_GFP_4of4	1	147	4.79386385426654e-05	0.8	1186.39231544816
Nuclei_RadialDistribution_RadialCV_RFP_1of4	1	147	4.79386385426654e-05	0.8	1567.5115194657
Nuclei_RadialDistribution_RadialCV_RFP_2of4	1	147	4.79386385426654e-05	0.8	1808.1967684852
Nuclei_RadialDistribution_RadialCV_RFP_3of4	1	147	4.79386385426654e-05	0.8	1840.68807510249
Nuclei_RadialDistribution_RadialCV_RFP_4of4	1	147	4.79386385426654e-05	0.8	98186.6136182864
Nuclei_Texture_AngularSecondMoment_GFP_3_00_256	1	147	4.79386385426654e-05	0.8	20486.6493831198
Nuclei_Texture_AngularSecondMoment_GFP_3_01_256	1	147	4.79386385426654e-05	0.8	19106.7977699223
Nuclei_Texture_AngularSecondMoment_GFP_3_02_256	1	147	4.79386385426654e-05	0.8	19043.693406803
Nuclei_Texture_AngularSecondMoment_GFP_3_03_256	1	147	4.79386385426654e-05	0.8	13887.6914177135
Nuclei_Texture_AngularSecondMoment_RFP_3_00_256	1	147	4.79386385426654e-05	0.8	493.493490874035
Nuclei_Texture_AngularSecondMoment_RFP_3_01_256	1	147	4.79386385426654e-05	0.8	538.315607017199
Nuclei_Texture_AngularSecondMoment_RFP_3_02_256	1	147	4.79386385426654e-05	0.8	626.615498047028
Nuclei_Texture_AngularSecondMoment_RFP_3_03_256	1	147	4.79386385426654e-05	0.8	628.258896673298
Nuclei_Texture_Contrast_GFP_3_00_256	1	147	4.79386385426654e-05	0.8	4227.5157426205
Nuclei_Texture_Contrast_GFP_3_01_256	1	147	4.79386385426654e-05	0.8	1535.04299854853
Nuclei_Texture_Contrast_GFP_3_02_256	1	147	4.79386385426654e-05	0.8	2062.11048426711
Nuclei_Texture_Contrast_GFP_3_03_256	1	147	4.79386385426654e-05	0.8	3581.6651706823
Nuclei_Texture_Contrast_RFP_3_00_256	1	147	4.79386385426654e-05	0.8	581.710751335311
Nuclei_Texture_Contrast_RFP_3_01_256	1	147	4.79386385426654e-05	0.8	674.643237249336
Nuclei_Texture_Contrast_RFP_3_02_256	1	147	4.79386385426654e-05	0.8	729.79316001627
Nuclei_Texture_Contrast_RFP_3_03_256	1	147	4.79386385426654e-05	0.8	1327.21477056909
Nuclei_Texture_Correlation_GFP_3_00_256	1	147	4.79386385426654e-05	0.8	2759.00330534132
Nuclei_Texture_Correlation_GFP_3_01_256	1	147	4.79386385426654e-05	0.8	2459.97962019798
Nuclei_Texture_Correlation_GFP_3_02_256	1	147	4.79386385426654e-05	0.8	2965.94772112668
Nuclei_Texture_Correlation_GFP_3_03_256	1	147	4.79386385426654e-05	0.8	1034.88316850463
Nuclei_Texture_Correlation_RFP_3_00_256	1	147	4.79386385426654e-05	0.8	1338.93623969139
Nuclei_Texture_Correlation_RFP_3_01_256	1	147	4.79386385426654e-05	0.8	8778.75548531357
Nuclei_Texture_Correlation_RFP_3_02_256	1	147	4.79386385426654e-05	0.8	1553.13032471866
Nuclei_Texture_Correlation_RFP_3_03_256	1	147	4.79386385426654e-05	0.8	864.976109070985
Nuclei_Texture_DifferenceEntropy_GFP_3_00_256	1	147	4.79386385426654e-05	0.8	18512.5945763219
Nuclei_Texture_DifferenceEntropy_GFP_3_01_256	1	147	4.79386385426654e-05	0.8	5150.47044000175
Nuclei_Texture_DifferenceEntropy_GFP_3_02_256	1	147	4.79386385426654e-05	0.8	3383.60995810948
Nuclei_Texture_DifferenceEntropy_GFP_3_03_256	1	147	4.79386385426654e-05	0.8	5334.92505083507
Nuclei_Texture_DifferenceEntropy_RFP_3_00_256	1	147	4.79386385426654e-05	0.8	1251.554986031
Nuclei_Texture_DifferenceEntropy_RFP_3_01_256	1	147	4.79386385426654e-05	0.8	2363.97403233225
Nuclei_Texture_DifferenceEntropy_RFP_3_02_256	1	147	4.79386385426654e-05	0.8	3112.80390077614
Nuclei_Texture_DifferenceEntropy_RFP_3_03_256	1	147	4.79386385426654e-05	0.8	3109.2350588165
Nuclei_Texture_DifferenceVariance_GFP_3_00_256	1	147	4.79386385426654e-05	0.8	5864.24139408681
Nuclei_Texture_DifferenceVariance_GFP_3_01_256	1	147	4.79386385426654e-05	0.8	4471.59825068982
Nuclei_Texture_DifferenceVariance_GFP_3_02_256	1	147	4.79386385426654e-05	0.8	4333.82063898699
Nuclei_Texture_DifferenceVariance_GFP_3_03_256	1	147	4.79386385426654e-05	0.8	2732.98955904667
Nuclei_Texture_DifferenceVariance_RFP_3_00_256	1	147	4.79386385426654e-05	0.8	701.593115316863
Nuclei_Texture_DifferenceVariance_RFP_3_01_256	1	147	4.79386385426654e-05	0.8	679.646470627064
Nuclei_Texture_DifferenceVariance_RFP_3_02_256	1	147	4.79386385426654e-05	0.8	1046.57153579278
Nuclei_Texture_DifferenceVariance_RFP_3_03_256	1	147	4.79386385426654e-05	0.8	1222.61889771656
Nuclei_Texture_Entropy_GFP_3_00_256	1	147	4.79386385426654e-05	0.8	23188.4403641515
Nuclei_Texture_Entropy_GFP_3_01_256	1	147	4.79386385426654e-05	0.8	29385.9935025015
Nuclei_Texture_Entropy_GFP_3_02_256	1	147	4.79386385426654e-05	0.8	19708.7099761976
Nuclei_Texture_Entropy_GFP_3_03_256	1	147	4.79386385426654e-05	0.8	25567.6596634898
Nuclei_Texture_Entropy_RFP_3_00_256	1	147	4.79386385426654e-05	0.8	1636.53876053888
Nuclei_Texture_Entropy_RFP_3_01_256	1	147	4.79386385426654e-05	0.8	2037.86192044048
Nuclei_Texture_Entropy_RFP_3_02_256	1	147	4.79386385426654e-05	0.8	2308.84971041353
Nuclei_Texture_Entropy_RFP_3_03_256	1	147	4.79386385426654e-05	0.8	2487.82868875048
Nuclei_Texture_InfoMeas1_GFP_3_00_256	1	147	4.79386385426654e-05	0.8	2284.4879699197
Nuclei_Texture_InfoMeas1_GFP_3_01_256	1	147	4.79386385426654e-05	0.8	3016.10924201972
Nuclei_Texture_InfoMeas1_GFP_3_02_256	1	147	4.79386385426654e-05	0.8	2432.46074423782
Nuclei_Texture_InfoMeas1_GFP_3_03_256	1	147	4.79386385426654e-05	0.8	1705.01933008027
Nuclei_Texture_InfoMeas1_RFP_3_00_256	1	147	4.79386385426654e-05	0.8	6251.43694745339
Nuclei_Texture_InfoMeas1_RFP_3_01_256	1	147	4.79386385426654e-05	0.8	9758.15395375984
Nuclei_Texture_InfoMeas1_RFP_3_02_256	1	147	4.79386385426654e-05	0.8	2028.22055201198
Nuclei_Texture_InfoMeas1_RFP_3_03_256	1	147	4.79386385426654e-05	0.8	863.305081920543
Nuclei_Texture_InfoMeas2_GFP_3_00_256	1	147	4.79386385426654e-05	0.8	12414.5996941412
Nuclei_Texture_InfoMeas2_GFP_3_01_256	1	147	4.79386385426654e-05	0.8	2959.07819092183
Nuclei_Texture_InfoMeas2_GFP_3_02_256	1	147	4.79386385426654e-05	0.8	1780.67860049477
Nuclei_Texture_InfoMeas2_GFP_3_03_256	1	147	4.79386385426654e-05	0.8	2882.23044489841
Nuclei_Texture_InfoMeas2_RFP_3_00_256	1	147	4.79386385426654e-05	0.8	2754.55723962179
Nuclei_Texture_InfoMeas2_RFP_3_01_256	1	147	4.79386385426654e-05	0.8	7329.01693001198
Nuclei_Texture_InfoMeas2_RFP_3_02_256	1	147	4.79386385426654e-05	0.8	1511.17671411547
Nuclei_Texture_InfoMeas2_RFP_3_03_256	1	147	4.79386385426654e-05	0.8	814.24135705352
Nuclei_Texture_InverseDifferenceMoment_GFP_3_00_256	1	147	4.79386385426654e-05	0.8	8501.17876790677
Nuclei_Texture_InverseDifferenceMoment_GFP_3_01_256	1	147	4.79386385426654e-05	0.8	7837.69318454056
Nuclei_Texture_InverseDifferenceMoment_GFP_3_02_256	1	147	4.79386385426654e-05	0.8	2209.13787556135
Nuclei_Texture_InverseDifferenceMoment_GFP_3_03_256	1	147	4.79386385426654e-05	0.8	3226.07986478667
Nuclei_Texture_InverseDifferenceMoment_RFP_3_00_256	1	147	4.79386385426654e-05	0.8	2546.48955898223
Nuclei_Texture_InverseDifferenceMoment_RFP_3_01_256	1	147	4.79386385426654e-05	0.8	3880.49039150851
Nuclei_Texture_InverseDifferenceMoment_RFP_3_02_256	1	147	4.79386385426654e-05	0.8	15102.5443239302
Nuclei_Texture_InverseDifferenceMoment_RFP_3_03_256	1	147	4.79386385426654e-05	0.8	63414.7964459367
Nuclei_Texture_SumAverage_GFP_3_00_256	1	147	4.79386385426654e-05	0.8	1335.75369254904
Nuclei_Texture_SumAverage_GFP_3_01_256	1	147	4.79386385426654e-05	0.8	1378.70161280906
Nuclei_Texture_SumAverage_GFP_3_02_256	1	147	4.79386385426654e-05	0.8	1348.98656840007
Nuclei_Texture_SumAverage_GFP_3_03_256	1	147	4.79386385426654e-05	0.8	1287.55510018131
Nuclei_Texture_SumAverage_RFP_3_00_256	1	147	4.79386385426654e-05	0.8	315.649586852578
Nuclei_Texture_SumAverage_RFP_3_01_256	1	147	4.79386385426654e-05	0.8	311.183394448589
Nuclei_Texture_SumAverage_RFP_3_02_256	1	147	4.79386385426654e-05	0.8	311.850602922121
Nuclei_Texture_SumAverage_RFP_3_03_256	1	147	4.79386385426654e-05	0.8	314.854062751621
Nuclei_Texture_SumEntropy_GFP_3_00_256	1	147	4.79386385426654e-05	0.8	8908.31302767404
Nuclei_Texture_SumEntropy_GFP_3_01_256	1	147	4.79386385426654e-05	0.8	10357.7533304556
Nuclei_Texture_SumEntropy_GFP_3_02_256	1	147	4.79386385426654e-05	0.8	8616.91954743525
Nuclei_Texture_SumEntropy_GFP_3_03_256	1	147	4.79386385426654e-05	0.8	6995.57487806042
Nuclei_Texture_SumEntropy_RFP_3_00_256	1	147	4.79386385426654e-05	0.8	2001.00958603665
Nuclei_Texture_SumEntropy_RFP_3_01_256	1	147	4.79386385426654e-05	0.8	1938.13607457027
Nuclei_Texture_SumEntropy_RFP_3_02_256	1	147	4.79386385426654e-05	0.8	1792.16713032723
Nuclei_Texture_SumEntropy_RFP_3_03_256	1	147	4.79386385426654e-05	0.8	1605.61555024534
Nuclei_Texture_SumVariance_GFP_3_00_256	1	147	4.79386385426654e-05	0.8	1930.67690065091
Nuclei_Texture_SumVariance_GFP_3_01_256	1	147	4.79386385426654e-05	0.8	2390.57506165741
Nuclei_Texture_SumVariance_GFP_3_02_256	1	147	4.79386385426654e-05	0.8	2070.94708680299
Nuclei_Texture_SumVariance_GFP_3_03_256	1	147	4.79386385426654e-05	0.8	1709.15721695398
Nuclei_Texture_SumVariance_RFP_3_00_256	1	147	4.79386385426654e-05	0.8	2125.05085381884
Nuclei_Texture_SumVariance_RFP_3_01_256	1	147	4.79386385426654e-05	0.8	2544.35329122248
Nuclei_Texture_SumVariance_RFP_3_02_256	1	147	4.79386385426654e-05	0.8	2026.65945639154
Nuclei_Texture_SumVariance_RFP_3_03_256	1	147	4.79386385426654e-05	0.8	1781.76742112559
Nuclei_Texture_Variance_GFP_3_00_256	1	147	4.79386385426654e-05	0.8	1988.2927171308
Nuclei_Texture_Variance_GFP_3_01_256	1	147	4.79386385426654e-05	0.8	2195.54258790884
Nuclei_Texture_Variance_GFP_3_02_256	1	147	4.79386385426654e-05	0.8	2029.23348160642
Nuclei_Texture_Variance_GFP_3_03_256	1	147	4.79386385426654e-05	0.8	1884.29482026524
Nuclei_Texture_Variance_RFP_3_00_256	1	147	4.79386385426654e-05	0.8	1882.59900693709
Nuclei_Texture_Variance_RFP_3_01_256	1	147	4.79386385426654e-05	0.8	1910.46638464619
Nuclei_Texture_Variance_RFP_3_02_256	1	147	4.79386385426654e-05	0.8	1836.90796153531
Nuclei_Texture_Variance_RFP_3_03_256	1	147	4.79386385426654e-05	0.8	1821.51814023436
